考点,province_exam,language_file,registered,present,absent,avg_score,passed,absent_rate,pass_rate_by_present
三明市第二中学,福建省,C++,30,30,0,71.55,21,0.0,0.7
三明市第二中学,福建省,Python,1,1,0,32.0,0,0.0,0.0
三明市第二中学,福建省,Scratch,44,44,0,58.38636363636363,26,0.0,0.5909090909090909
三河市汇福实验学校,北京市,C++,14,13,1,52.0,5,0.07142857142857142,0.38461538461538464
三河市汇福实验学校,天津市,C++,1,1,0,57.5,0,0.0,0.0
三河市汇福实验学校,河北省,C++,46,43,3,52.70454545454545,18,0.06521739130434782,0.4186046511627907
三河市汇福实验学校,河北省,Python,1,1,0,61.5,1,0.0,1.0
三河市汇福实验学校,河北省,Scratch,6,6,0,66.83333333333333,5,0.0,0.8333333333333334
三河市燕郊金子塔学校,北京市,C++,13,12,1,59.69230769230769,6,0.07692307692307693,0.5
三河市燕郊金子塔学校,北京市,Scratch,1,1,0,72.0,1,0.0,1.0
三河市燕郊金子塔学校,天津市,C++,1,1,0,42.5,0,0.0,0.0
三河市燕郊金子塔学校,河北省,C++,103,100,3,61.259803921568626,56,0.02912621359223301,0.56
三河市第二实验小学,北京市,C++,3,3,0,49.666666666666664,1,0.0,0.3333333333333333
三河市第二实验小学,天津市,C++,1,1,0,52.5,0,0.0,0.0
三河市第二实验小学,河北省,C++,29,29,0,52.93103448275862,10,0.0,0.3448275862068966
三河市第二实验小学,河北省,Python,1,1,0,84.0,1,0.0,1.0
三河市第二实验小学,河北省,Scratch,1,1,0,57.0,0,0.0,0.0
上海市七宝中学,上海市,C++,279,268,11,57.82437275985663,135,0.03942652329749104,0.503731343283582
上海市七宝中学,上海市,Python,4,4,0,60.875,2,0.0,0.5
上海市七宝中学,上海市,Scratch,22,22,0,65.77272727272727,13,0.0,0.5909090909090909
上海市娄山中学,上海市,C++,348,340,8,66.18950437317784,217,0.022988505747126436,0.638235294117647
上海市娄山中学,上海市,Python,5,5,0,71.1,4,0.0,0.8
上海市娄山中学,上海市,Scratch,6,6,0,52.5,3,0.0,0.5
上海市建平中学,上海市,C++,652,630,22,63.37984496124031,389,0.03374233128834356,0.6174603174603175
上海市建平中学,上海市,Python,11,11,0,58.13636363636363,6,0.0,0.5454545454545454
上海市建平中学,上海市,Scratch,40,39,1,65.15,27,0.025,0.6923076923076923
上海市建平中学,浙江省,C++,1,1,0,0.0,0,0.0,0.0
上海市张江集团中学,上海市,C++,699,655,44,64.25797101449275,430,0.06294706723891273,0.6564885496183206
上海市张江集团中学,上海市,Python,11,10,1,34.95454545454545,1,0.09090909090909091,0.1
上海市张江集团中学,上海市,Scratch,48,46,2,60.979166666666664,28,0.041666666666666664,0.6086956521739131
上海市行知中学,上海市,C++,656,634,22,62.43353941267388,367,0.03353658536585366,0.5788643533123028
上海市行知中学,上海市,Python,38,36,2,58.85526315789474,20,0.05263157894736842,0.5555555555555556
上海市行知中学,上海市,Scratch,71,70,1,64.98591549295774,46,0.014084507042253521,0.6571428571428571
上海市行知中学,江苏省,C++,1,1,0,88.0,1,0.0,1.0
上海市风华初级中学,上海市,C++,614,614,0,61.12459283387622,352,0.0,0.5732899022801303
上海市风华初级中学,上海市,Python,17,17,0,43.05882352941177,5,0.0,0.29411764705882354
上海市风华初级中学,上海市,Scratch,34,31,3,61.42424242424242,18,0.08823529411764706,0.5806451612903226
上海市风华初级中学,江苏省,C++,1,1,0,94.0,1,0.0,1.0
上海师范大学,上海市,C++,146,143,3,63.11188811188811,80,0.02054794520547945,0.5594405594405595
上海师范大学,上海市,Scratch,2,2,0,46.0,0,0.0,0.0
上海师范大学,江苏省,C++,1,1,0,67.5,1,0.0,1.0
上海民办华曜浦东实验学校,上海市,C++,474,452,22,60.362473347547976,257,0.046413502109704644,0.5685840707964602
上海民办华曜浦东实验学校,上海市,Python,18,16,2,55.611111111111114,9,0.1111111111111111,0.5625
上海民办华曜浦东实验学校,上海市,Scratch,33,31,2,64.21212121212122,22,0.06060606060606061,0.7096774193548387
上海民办华曜浦东实验学校,江苏省,C++,1,1,0,43.0,0,0.0,0.0
上海济光职业技术学院（杨浦）,上海市,C++,529,508,21,64.63435700575816,318,0.03969754253308128,0.6259842519685039
上海济光职业技术学院（杨浦）,上海市,Python,27,27,0,56.48148148148148,13,0.0,0.48148148148148145
上海济光职业技术学院（杨浦）,上海市,Scratch,14,14,0,60.642857142857146,8,0.0,0.5714285714285714
上海浦东新区远翔实验学校,上海市,C++,62,61,1,60.057377049180324,31,0.016129032258064516,0.5081967213114754
上海浦东新区远翔实验学校,上海市,Scratch,2,2,0,58.0,1,0.0,0.5
上海理工大学管理学院,上海市,C++,583,559,24,63.069298245614036,340,0.0411663807890223,0.6082289803220036
上海理工大学管理学院,上海市,Python,16,15,1,49.40625,5,0.0625,0.3333333333333333
上海理工大学管理学院,上海市,Scratch,22,21,1,60.27272727272727,15,0.045454545454545456,0.7142857142857143
上海理工大学管理学院,江苏省,C++,1,1,0,32.0,0,0.0,0.0
上海虹桥国际外籍人员子女学校,上海市,C++,437,404,33,59.958920187793424,219,0.07551487414187644,0.5420792079207921
上海虹桥国际外籍人员子女学校,上海市,Python,23,20,3,54.391304347826086,13,0.13043478260869565,0.65
上海虹桥国际外籍人员子女学校,上海市,Scratch,44,39,5,60.107142857142854,24,0.11363636363636363,0.6153846153846154
上海虹桥国际外籍人员子女学校,江苏省,C++,1,1,0,71.5,1,0.0,1.0
东北农业大学,黑龙江省,C++,100,97,3,61.94329896907217,52,0.03,0.5360824742268041
东北农业大学,黑龙江省,Python,1,1,0,92.0,1,0.0,1.0
东北农业大学,黑龙江省,Scratch,16,16,0,62.25,10,0.0,0.625
东北大学秦皇岛分校,天津市,Python,1,1,0,96.0,1,0.0,1.0
东北大学秦皇岛分校,天津市,Scratch,2,2,0,70.5,2,0.0,1.0
东北大学秦皇岛分校,河北省,C++,233,233,0,67.19742489270386,149,0.0,0.6394849785407726
东北大学秦皇岛分校,河北省,Python,14,14,0,62.75,9,0.0,0.6428571428571429
东北大学秦皇岛分校,河北省,Scratch,17,17,0,68.3529411764706,14,0.0,0.8235294117647058
东北大学秦皇岛分校,辽宁省,C++,7,6,1,67.35714285714286,6,0.14285714285714285,1.0
东莞市东莞中学松山湖学校,广东省,C++,998,960,38,60.21912955465587,534,0.03807615230460922,0.55625
东莞市东莞中学松山湖学校,广东省,Python,110,107,3,50.43577981651376,35,0.02727272727272727,0.32710280373831774
东莞市东莞中学松山湖学校,广东省,Scratch,41,40,1,67.575,26,0.024390243902439025,0.65
东莞市东莞中学松山湖学校,香港特别行政区,C++,3,3,0,62.5,2,0.0,0.6666666666666666
东莞职业技术学院,广东省,C++,197,197,0,57.41370558375635,94,0.0,0.47715736040609136
东莞职业技术学院,广东省,Python,3,3,0,8.0,0,0.0,0.0
东莞职业技术学院,广东省,Scratch,11,11,0,65.18181818181819,7,0.0,0.6363636363636364
东营市技师学院,山东省,C++,78,78,0,62.52564102564103,47,0.0,0.6025641025641025
东营市技师学院,山东省,Python,10,10,0,53.1,4,0.0,0.4
东营市技师学院,山东省,Scratch,9,8,1,41.0,2,0.1111111111111111,0.25
中国人民大学（中关村校区）,内蒙古自治区,Scratch,1,1,0,56.0,0,0.0,0.0
中国人民大学（中关村校区）,北京市,C++,1717,1632,85,60.55575117370892,933,0.04950495049504951,0.5716911764705882
中国人民大学（中关村校区）,北京市,Python,28,25,3,39.767857142857146,7,0.10714285714285714,0.28
中国人民大学（中关村校区）,北京市,Scratch,137,128,9,58.93333333333333,80,0.06569343065693431,0.625
中国人民大学（中关村校区）,天津市,C++,3,3,0,53.333333333333336,2,0.0,0.6666666666666666
中国人民大学（中关村校区）,天津市,Python,1,1,0,36.0,0,0.0,0.0
中国人民大学（中关村校区）,山东省,Scratch,1,1,0,57.0,0,0.0,0.0
中国人民大学（中关村校区）,河北省,C++,7,7,0,57.57142857142857,3,0.0,0.42857142857142855
中国人民大学（中关村校区）,河北省,Scratch,1,1,0,20.0,0,0.0,0.0
中国农业大学(北京东校区),北京市,C++,422,415,7,44.96090047393365,109,0.016587677725118485,0.26265060240963856
中国农业大学(北京东校区),北京市,Python,13,12,1,37.0,2,0.07692307692307693,0.16666666666666666
中国农业大学(北京东校区),北京市,Scratch,12,12,0,47.416666666666664,4,0.0,0.3333333333333333
中国农业大学(北京东校区),天津市,C++,11,11,0,46.27272727272727,4,0.0,0.36363636363636365
中国农业大学(北京东校区),宁夏回族自治区,Scratch,1,1,0,37.0,0,0.0,0.0
中国农业大学(北京东校区),山西省,C++,1,1,0,18.0,0,0.0,0.0
中国农业大学(北京东校区),河北省,C++,2,2,0,66.0,1,0.0,0.5
中国地质大学（北京）,内蒙古自治区,C++,1,1,0,92.0,1,0.0,1.0
中国地质大学（北京）,北京市,C++,632,585,47,55.078322784810126,302,0.07436708860759493,0.5162393162393163
中国地质大学（北京）,北京市,Python,17,16,1,47.5,6,0.058823529411764705,0.375
中国地质大学（北京）,北京市,Scratch,47,47,0,54.765957446808514,22,0.0,0.46808510638297873
中国地质大学（北京）,天津市,C++,1,1,0,90.0,1,0.0,1.0
中国地质大学（北京）,河北省,C++,1,1,0,61.0,1,0.0,1.0
中国地质大学（北京）,河北省,Scratch,1,1,0,68.0,1,0.0,1.0
中国地质大学（武汉）,湖北省,C++,432,432,0,61.960648148148145,259,0.0,0.5995370370370371
中国地质大学（武汉）,湖北省,Python,77,77,0,51.16883116883117,32,0.0,0.4155844155844156
中国地质大学（武汉）,湖北省,Scratch,189,184,5,58.72486772486773,104,0.026455026455026454,0.5652173913043478
中国海洋大学（崂山校区）,山东省,C++,785,752,33,59.89331619537275,420,0.04203821656050955,0.5585106382978723
中国海洋大学（崂山校区）,山东省,Python,16,15,1,57.375,8,0.0625,0.5333333333333333
中国海洋大学（崂山校区）,山东省,Scratch,48,44,4,50.8125,16,0.08333333333333333,0.36363636363636365
中国海洋大学（崂山校区）,河南省,C++,1,1,0,28.0,0,0.0,0.0
中国石油大学（北京）,上海市,C++,1,1,0,15.0,0,0.0,0.0
中国石油大学（北京）,内蒙古自治区,C++,1,1,0,84.0,1,0.0,1.0
中国石油大学（北京）,北京市,C++,1505,1478,27,60.19517102615694,811,0.017940199335548173,0.5487144790257105
中国石油大学（北京）,北京市,Python,71,70,1,50.40845070422535,29,0.014084507042253521,0.4142857142857143
中国石油大学（北京）,北京市,Scratch,96,91,5,54.98947368421052,45,0.052083333333333336,0.4945054945054945
中国石油大学（北京）,天津市,C++,4,4,0,76.0,3,0.0,0.75
中国石油大学（北京）,河北省,C++,10,10,0,63.15,5,0.0,0.5
中国石油大学（北京）,河北省,Python,1,1,0,18.0,0,0.0,0.0
中国石油大学（北京）,河北省,Scratch,8,8,0,58.375,3,0.0,0.375
中国石油大学（北京）,黑龙江省,C++,1,1,0,22.0,0,0.0,0.0
中国矿业大学徐海学院,安徽省,C++,1,1,0,30.0,0,0.0,0.0
中国矿业大学徐海学院,江苏省,C++,30,30,0,58.36666666666667,19,0.0,0.6333333333333333
中国矿业大学徐海学院,江苏省,Python,4,4,0,71.875,3,0.0,0.75
中国矿业大学徐海学院,江苏省,Scratch,7,5,2,49.42857142857143,4,0.2857142857142857,0.8
中国计量大学现代科技学院(义乌）,浙江省,C++,617,605,12,67.66775244299674,392,0.019448946515397084,0.6479338842975206
中国计量大学现代科技学院(义乌）,浙江省,Python,12,12,0,53.541666666666664,4,0.0,0.3333333333333333
中国计量大学现代科技学院(义乌）,浙江省,Scratch,109,107,2,66.77777777777777,73,0.01834862385321101,0.6822429906542056
中山市三鑫凯茵学校,广东省,C++,585,571,14,64.9765625,346,0.023931623931623933,0.6059544658493871
中山市三鑫凯茵学校,广东省,Python,35,34,1,46.91428571428571,10,0.02857142857142857,0.29411764705882354
中山市三鑫凯茵学校,广东省,Scratch,37,36,1,60.32432432432432,20,0.02702702702702703,0.5555555555555556
中山市三鑫凯茵学校,澳门特别行政区,C++,1,1,0,55.0,0,0.0,0.0
中山市三鑫凯茵学校,香港特别行政区,Python,1,1,0,82.0,1,0.0,1.0
中山市中山纪念中学,广东省,C++,801,782,19,68.87801778907243,532,0.02372034956304619,0.680306905370844
中山市中山纪念中学,广东省,Python,1,1,0,85.0,1,0.0,1.0
中山市中山纪念中学,广东省,Scratch,20,19,1,64.6,14,0.05,0.7368421052631579
中山市华辰实验中学,广东省,C++,314,307,7,65.73870967741935,185,0.022292993630573247,0.6026058631921825
中山市华辰实验中学,广东省,Python,1,1,0,32.5,0,0.0,0.0
中山市华辰实验中学,广东省,Scratch,21,18,3,64.9047619047619,14,0.14285714285714285,0.7777777777777778
丽水市实验学校,浙江省,C++,123,115,8,68.96311475409836,89,0.06504065040650407,0.7739130434782608
丽水市实验学校,浙江省,Python,9,8,1,56.666666666666664,5,0.1111111111111111,0.625
丽水市实验学校,浙江省,Scratch,19,19,0,62.21052631578947,11,0.0,0.5789473684210527
乐山市五通桥区东辰外国语学校,四川省,C++,118,113,5,54.18376068376068,48,0.0423728813559322,0.4247787610619469
乐山市五通桥区东辰外国语学校,四川省,Python,15,14,1,48.2,4,0.06666666666666667,0.2857142857142857
乐山市五通桥区东辰外国语学校,四川省,Scratch,11,10,1,68.27272727272727,8,0.09090909090909091,0.8
乐山市五通桥区东辰外国语学校,辽宁省,C++,1,1,0,58.5,0,0.0,0.0
九江市浔阳区龙山小学,江西省,C++,101,97,4,60.888888888888886,50,0.039603960396039604,0.5154639175257731
九江市浔阳区龙山小学,江西省,Python,13,13,0,41.07692307692308,2,0.0,0.15384615384615385
九江市浔阳区龙山小学,江西省,Scratch,103,102,1,70.54368932038835,78,0.009708737864077669,0.7647058823529411
九江市浔阳区龙山小学,湖北省,C++,1,1,0,63.0,1,0.0,1.0
佛山市南海区石门中学,广东省,C++,269,256,13,67.32567049808429,171,0.048327137546468404,0.66796875
佛山市南海区石门中学,广东省,Python,9,8,1,29.166666666666668,1,0.1111111111111111,0.125
佛山市南海区石门中学,广东省,Scratch,23,23,0,66.47826086956522,15,0.0,0.6521739130434783
佛山市顺德区大良实验小学,广东省,C++,350,342,8,70.71884057971015,243,0.022857142857142857,0.7105263157894737
佛山市顺德区大良实验小学,广东省,Python,18,16,2,54.23529411764706,8,0.1111111111111111,0.5
佛山市顺德区大良实验小学,广东省,Scratch,37,36,1,68.64864864864865,28,0.02702702702702703,0.7777777777777778
佛山市顺德区拔萃实验学校,广东省,C++,1098,1043,55,64.45837187789084,648,0.05009107468123861,0.6212847555129435
佛山市顺德区拔萃实验学校,广东省,Python,46,45,1,51.93333333333333,17,0.021739130434782608,0.37777777777777777
佛山市顺德区拔萃实验学校,广东省,Scratch,123,122,1,63.39837398373984,68,0.008130081300813009,0.5573770491803278
保定市第一中学分校,北京市,C++,10,8,2,58.5,6,0.2,0.75
保定市第一中学分校,河北省,C++,218,216,2,54.846330275229356,92,0.009174311926605505,0.42592592592592593
保定市第一中学分校,河北省,Python,24,24,0,56.541666666666664,10,0.0,0.4166666666666667
保定市第一中学分校,河北省,Scratch,38,37,1,78.48648648648648,30,0.02631578947368421,0.8108108108108109
信阳师范学院计算机与信息技术学院,河南省,C++,76,74,2,55.04,33,0.02631578947368421,0.44594594594594594
信阳师范学院计算机与信息技术学院,河南省,Python,1,1,0,94.0,1,0.0,1.0
信阳师范学院计算机与信息技术学院,河南省,Scratch,162,161,1,59.33540372670807,87,0.006172839506172839,0.5403726708074534
兰州树人中学,甘肃省,C++,213,192,21,59.577669902912625,108,0.09859154929577464,0.5625
兰州树人中学,甘肃省,Python,3,3,0,60.5,2,0.0,0.6666666666666666
兰州树人中学,甘肃省,Scratch,11,9,2,44.0,4,0.18181818181818182,0.4444444444444444
兰州树人中学,青海省,C++,10,10,0,51.3,4,0.0,0.4
内江师范学院,四川省,C++,19,18,1,65.5,13,0.05263157894736842,0.7222222222222222
内江师范学院,四川省,Python,1,0,1,,0,1.0,
内江师范学院,四川省,Scratch,29,29,0,69.06896551724138,21,0.0,0.7241379310344828
包头市第九中学,内蒙古自治区,C++,22,19,3,51.65909090909091,8,0.13636363636363635,0.42105263157894735
包头市第九中学,内蒙古自治区,Python,1,1,0,47.0,0,0.0,0.0
包头市第九中学,内蒙古自治区,Scratch,2,2,0,49.0,0,0.0,0.0
北京交通大学,内蒙古自治区,Python,1,1,0,42.0,0,0.0,0.0
北京交通大学,北京市,C++,1794,1685,109,58.67549295774648,896,0.06075808249721293,0.5317507418397626
北京交通大学,北京市,Python,41,38,3,48.0609756097561,16,0.07317073170731707,0.42105263157894735
北京交通大学,北京市,Scratch,118,113,5,61.62608695652174,64,0.0423728813559322,0.5663716814159292
北京交通大学,天津市,C++,4,4,0,47.0,1,0.0,0.25
北京交通大学,天津市,Scratch,1,1,0,49.0,0,0.0,0.0
北京交通大学,河北省,C++,14,14,0,43.535714285714285,3,0.0,0.21428571428571427
北京交通大学,河北省,Python,1,1,0,26.0,0,0.0,0.0
北京交通大学,河北省,Scratch,4,4,0,53.5,2,0.0,0.5
北京信息科技大学,内蒙古自治区,C++,3,3,0,50.5,1,0.0,0.3333333333333333
北京信息科技大学,北京市,C++,1515,1414,101,57.060866574965615,703,0.06666666666666667,0.4971711456859972
北京信息科技大学,北京市,Python,49,46,3,44.09375,12,0.061224489795918366,0.2608695652173913
北京信息科技大学,北京市,Scratch,52,50,2,56.64705882352941,22,0.038461538461538464,0.44
北京信息科技大学,天津市,C++,2,2,0,67.25,1,0.0,0.5
北京信息科技大学,天津市,Scratch,1,1,0,66.0,1,0.0,1.0
北京信息科技大学,河北省,C++,6,5,1,69.9,4,0.16666666666666666,0.8
北京信息科技大学,河北省,Scratch,1,1,0,92.0,1,0.0,1.0
北京外国语大学附属外国语学校,北京市,C++,210,200,10,64.69660194174757,129,0.047619047619047616,0.645
北京外国语大学附属外国语学校,北京市,Python,7,7,0,43.357142857142854,2,0.0,0.2857142857142857
北京外国语大学附属外国语学校,北京市,Scratch,23,21,2,55.56521739130435,11,0.08695652173913043,0.5238095238095238
北京工业大学,内蒙古自治区,C++,2,2,0,47.0,1,0.0,0.5
北京工业大学,内蒙古自治区,Python,3,3,0,47.666666666666664,1,0.0,0.3333333333333333
北京工业大学,内蒙古自治区,Scratch,1,1,0,12.0,0,0.0,0.0
北京工业大学,北京市,C++,2365,2361,4,60.511416490486255,1331,0.0016913319238900633,0.563744176196527
北京工业大学,北京市,Python,94,94,0,44.67553191489362,31,0.0,0.32978723404255317
北京工业大学,北京市,Scratch,216,205,11,52.574074074074076,86,0.05092592592592592,0.4195121951219512
北京工业大学,四川省,C++,1,1,0,43.0,0,0.0,0.0
北京工业大学,天津市,C++,11,11,0,52.0,5,0.0,0.45454545454545453
北京工业大学,天津市,Python,1,1,0,82.0,1,0.0,1.0
北京工业大学,天津市,Scratch,1,1,0,23.0,0,0.0,0.0
北京工业大学,河北省,C++,47,47,0,51.180851063829785,17,0.0,0.3617021276595745
北京工业大学,河北省,Python,4,4,0,31.75,0,0.0,0.0
北京工业大学,河北省,Scratch,3,3,0,78.0,3,0.0,1.0
北京工商大学(良乡校区),北京市,C++,165,163,2,62.4079754601227,94,0.012121212121212121,0.5766871165644172
北京工商大学(良乡校区),北京市,Python,4,4,0,48.375,1,0.0,0.25
北京工商大学(良乡校区),北京市,Scratch,9,9,0,68.88888888888889,7,0.0,0.7777777777777778
北京工商大学(良乡校区),河北省,C++,2,2,0,28.25,0,0.0,0.0
北京市八一学校（彩合坊校区）,北京市,C++,258,250,8,67.76937984496124,169,0.031007751937984496,0.676
北京市八一学校（彩合坊校区）,北京市,Python,6,6,0,72.08333333333333,4,0.0,0.6666666666666666
北京市八一学校（彩合坊校区）,北京市,Scratch,25,23,2,68.08695652173913,18,0.08,0.782608695652174
北京市八一学校（彩合坊校区）,河北省,C++,1,1,0,84.0,1,0.0,1.0
北京市八一学校（彩合坊校区）,河北省,Scratch,1,1,0,60.0,1,0.0,1.0
北京市昌平区第二中学（政府街校区）,北京市,C++,820,808,12,60.291921664626685,449,0.014634146341463415,0.5556930693069307
北京市昌平区第二中学（政府街校区）,北京市,Python,37,36,1,44.28378378378378,10,0.02702702702702703,0.2777777777777778
北京市昌平区第二中学（政府街校区）,北京市,Scratch,65,62,3,60.95238095238095,38,0.046153846153846156,0.6129032258064516
北京市昌平区第二中学（政府街校区）,天津市,C++,5,5,0,58.9,2,0.0,0.4
北京市第八十中学,内蒙古自治区,C++,2,2,0,68.5,1,0.0,0.5
北京市第八十中学,北京市,C++,585,535,50,58.83599290780142,303,0.08547008547008547,0.5663551401869159
北京市第八十中学,北京市,Python,10,8,2,41.55,4,0.2,0.5
北京市第八十中学,北京市,Scratch,40,37,3,66.25641025641026,29,0.075,0.7837837837837838
北京市第八十中学,天津市,C++,1,1,0,72.0,1,0.0,1.0
北京市第八十中学,河北省,C++,8,8,0,52.0,2,0.0,0.25
北京市第八十中学,河北省,Scratch,1,1,0,57.0,0,0.0,0.0
北京市第八十中学,福建省,C++,1,1,0,86.0,1,0.0,1.0
北京市第十八中学,北京市,Scratch,1,1,0,96.0,1,0.0,1.0
北京师范大学,北京市,C++,578,559,19,62.3499127399651,332,0.0328719723183391,0.59391771019678
北京师范大学,北京市,Python,4,4,0,71.375,3,0.0,0.75
北京师范大学,北京市,Scratch,38,36,2,56.21052631578947,20,0.05263157894736842,0.5555555555555556
北京师范大学,河北省,C++,3,3,0,65.16666666666667,2,0.0,0.6666666666666666
北京师范大学天津生态城附属学校,北京市,C++,10,9,1,70.33333333333333,6,0.1,0.6666666666666666
北京师范大学天津生态城附属学校,北京市,Python,1,1,0,53.0,0,0.0,0.0
北京师范大学天津生态城附属学校,天津市,C++,218,213,5,60.26525821596244,114,0.022935779816513763,0.5352112676056338
北京师范大学天津生态城附属学校,天津市,Python,54,52,2,59.37735849056604,28,0.037037037037037035,0.5384615384615384
北京师范大学天津生态城附属学校,天津市,Scratch,110,109,1,59.654545454545456,56,0.00909090909090909,0.5137614678899083
北京师范大学天津生态城附属学校,河北省,C++,7,7,0,67.14285714285714,4,0.0,0.5714285714285714
北京师范大学天津生态城附属学校,香港特别行政区,C++,1,1,0,47.5,0,0.0,0.0
北京师范大学贵阳附属中学（高中部）,贵州省,C++,110,106,4,68.82272727272728,73,0.03636363636363636,0.6886792452830188
北京师范大学贵阳附属中学（高中部）,贵州省,Python,2,1,1,11.0,0,0.5,0.0
北京师范大学贵阳附属中学（高中部）,贵州省,Scratch,1,1,0,56.0,0,0.0,0.0
北京新东方扬州外国语学校,江苏省,C++,423,409,14,65.38755980861244,264,0.03309692671394799,0.6454767726161369
北京新东方扬州外国语学校,江苏省,Python,35,33,2,44.23529411764706,9,0.05714285714285714,0.2727272727272727
北京新东方扬州外国语学校,江苏省,Scratch,18,18,0,72.66666666666667,14,0.0,0.7777777777777778
北京新东方扬州外国语学校,重庆市,C++,1,1,0,84.0,1,0.0,1.0
北京海淀凯文学校,北京市,C++,108,102,6,64.43055555555556,64,0.05555555555555555,0.6274509803921569
北京海淀凯文学校,北京市,Python,5,5,0,48.8,2,0.0,0.4
北京海淀凯文学校,北京市,Scratch,5,5,0,53.2,2,0.0,0.4
北京海淀凯文学校,河北省,C++,2,2,0,92.0,2,0.0,1.0
北京爱思创大华分校（原理想分校）,北京市,Scratch,1,1,0,75.0,1,0.0,1.0
北京物资学院,北京市,C++,267,251,16,58.23062015503876,129,0.0599250936329588,0.5139442231075697
北京物资学院,北京市,Python,6,6,0,60.0,3,0.0,0.5
北京物资学院,北京市,Scratch,18,18,0,56.77777777777778,9,0.0,0.5
北京物资学院,天津市,C++,3,3,0,20.666666666666668,0,0.0,0.0
北京物资学院,河北省,C++,5,5,0,67.7,3,0.0,0.6
北京经济管理职业学院,北京市,C++,1067,1067,0,55.70618556701031,524,0.0,0.49109653233364575
北京经济管理职业学院,北京市,Python,18,18,0,58.361111111111114,10,0.0,0.5555555555555556
北京经济管理职业学院,北京市,Scratch,35,32,3,66.71428571428571,24,0.08571428571428572,0.75
北京经济管理职业学院,天津市,C++,1,1,0,42.5,0,0.0,0.0
北京经济管理职业学院,河北省,C++,13,13,0,59.53846153846154,8,0.0,0.6153846153846154
北京经济管理职业学院,河北省,Python,2,2,0,74.75,1,0.0,0.5
北京经济管理职业学院,河北省,Scratch,1,1,0,29.0,0,0.0,0.0
北京邮电大学（西土城）,内蒙古自治区,Python,2,1,1,42.0,1,0.5,1.0
北京邮电大学（西土城）,北京市,C++,459,434,25,61.76797385620915,264,0.054466230936819175,0.6082949308755761
北京邮电大学（西土城）,北京市,Python,8,6,2,39.75,2,0.25,0.3333333333333333
北京邮电大学（西土城）,北京市,Scratch,37,36,1,58.054054054054056,22,0.02702702702702703,0.6111111111111112
北京邮电大学（西土城）,河北省,C++,2,2,0,61.0,1,0.0,0.5
华东交通大学,江西省,C++,557,537,20,64.83697632058288,333,0.03590664272890485,0.6201117318435754
华东交通大学,江西省,Python,40,39,1,44.425,15,0.025,0.38461538461538464
华东交通大学,江西省,Scratch,56,56,0,69.80357142857143,42,0.0,0.75
华东师大二附中闵行紫竹分校,上海市,C++,1442,1363,79,62.308968926553675,826,0.054785020804438284,0.6060161408657373
华东师大二附中闵行紫竹分校,上海市,Python,75,68,7,53.63333333333333,34,0.09333333333333334,0.5
华东师大二附中闵行紫竹分校,上海市,Scratch,84,81,3,58.916666666666664,45,0.03571428571428571,0.5555555555555556
华东师大二附中闵行紫竹分校,江苏省,C++,4,4,0,40.5,1,0.0,0.25
华东师大二附中闵行紫竹分校,浙江省,C++,2,2,0,61.25,1,0.0,0.5
华东师大二附中闵行紫竹分校,福建省,Scratch,1,0,1,0.0,0,1.0,
华东师范大学软件工程学院,上海市,C++,762,728,34,64.37401055408971,451,0.04461942257217848,0.6195054945054945
华东师范大学软件工程学院,上海市,Python,44,42,2,49.36363636363637,17,0.045454545454545456,0.40476190476190477
华东师范大学软件工程学院,上海市,Scratch,77,71,6,59.18666666666667,42,0.07792207792207792,0.5915492957746479
华东师范大学软件工程学院,江苏省,C++,5,5,0,70.4,4,0.0,0.8
单县第一中学,山东省,C++,240,239,1,62.39748953974895,136,0.004166666666666667,0.5690376569037657
单县第一中学,山东省,Python,1,1,0,38.0,0,0.0,0.0
单县第一中学,山东省,Scratch,1,1,0,46.0,0,0.0,0.0
单县第一中学,河南省,C++,10,10,0,63.55,6,0.0,0.6
南京外国语学校（北京东路校区）,上海市,C++,1,1,0,94.0,1,0.0,1.0
南京外国语学校（北京东路校区）,北京市,C++,1,0,1,0.0,0,1.0,
南京外国语学校（北京东路校区）,安徽省,C++,10,10,0,66.75,7,0.0,0.7
南京外国语学校（北京东路校区）,山东省,C++,6,6,0,96.0,6,0.0,1.0
南京外国语学校（北京东路校区）,江苏省,C++,1132,1112,20,60.414959928762244,599,0.0176678445229682,0.5386690647482014
南京外国语学校（北京东路校区）,江苏省,Python,180,178,2,58.68888888888889,88,0.011111111111111112,0.4943820224719101
南京外国语学校（北京东路校区）,江苏省,Scratch,85,79,6,63.226190476190474,49,0.07058823529411765,0.620253164556962
南京师范大学附属中学新城初级中学怡康街分校,江苏省,C++,82,78,4,59.798780487804876,43,0.04878048780487805,0.5512820512820513
南京师范大学附属中学新城初级中学怡康街分校,江苏省,Python,10,9,1,62.55,7,0.1,0.7777777777777778
南京师范大学附属中学新城初级中学怡康街分校,江苏省,Scratch,4,3,1,32.5,1,0.25,0.3333333333333333
南京开放大学,江苏省,C++,48,48,0,48.34375,14,0.0,0.2916666666666667
南京开放大学,江苏省,Python,10,9,1,45.75,3,0.1,0.3333333333333333
南京开放大学,江苏省,Scratch,9,9,0,58.111111111111114,4,0.0,0.4444444444444444
南京理工大学,安徽省,C++,3,3,0,69.16666666666667,2,0.0,0.6666666666666666
南京理工大学,山东省,C++,1,1,0,96.0,1,0.0,1.0
南京理工大学,江苏省,C++,393,374,19,60.39871794871795,214,0.04834605597964377,0.5721925133689839
南京理工大学,江苏省,Python,55,54,1,54.972727272727276,24,0.01818181818181818,0.4444444444444444
南京理工大学,江苏省,Scratch,35,33,2,61.25714285714286,20,0.05714285714285714,0.6060606060606061
南京理工大学泰州科技学院,江苏省,C++,169,165,4,62.61904761904762,95,0.023668639053254437,0.5757575757575758
南京理工大学泰州科技学院,江苏省,Python,18,18,0,43.638888888888886,5,0.0,0.2777777777777778
南京理工大学泰州科技学院,江苏省,Scratch,28,25,3,50.81481481481482,11,0.10714285714285714,0.44
南京理工大学紫金学院,安徽省,C++,2,2,0,69.5,1,0.0,0.5
南京理工大学紫金学院,江苏省,C++,222,217,5,62.2073732718894,124,0.02252252252252252,0.5714285714285714
南京理工大学紫金学院,江苏省,Python,34,33,1,46.54545454545455,9,0.029411764705882353,0.2727272727272727
南京理工大学紫金学院,江苏省,Scratch,48,48,0,63.375,27,0.0,0.5625
南京航空航天大学（将军路校区）,上海市,C++,1,1,0,98.0,1,0.0,1.0
南京航空航天大学（将军路校区）,安徽省,C++,82,80,2,61.148148148148145,41,0.024390243902439025,0.5125
南京航空航天大学（将军路校区）,安徽省,Python,1,1,0,26.0,0,0.0,0.0
南京航空航天大学（将军路校区）,安徽省,Scratch,19,18,1,56.94736842105263,11,0.05263157894736842,0.6111111111111112
南京航空航天大学（将军路校区）,江苏省,C++,785,756,29,61.269329896907216,420,0.03694267515923567,0.5555555555555556
南京航空航天大学（将军路校区）,江苏省,Python,72,67,5,54.90845070422535,33,0.06944444444444445,0.4925373134328358
南京航空航天大学（将军路校区）,江苏省,Scratch,156,152,4,63.150326797385624,88,0.02564102564102564,0.5789473684210527
南京航空航天大学（明故宫校区）,江苏省,C++,72,64,8,57.15972222222222,36,0.1111111111111111,0.5625
南京航空航天大学（明故宫校区）,江苏省,Python,24,20,4,41.125,7,0.16666666666666666,0.35
南京航空航天大学（明故宫校区）,江苏省,Scratch,20,19,1,65.7,15,0.05,0.7894736842105263
南京邮电大学,安徽省,C++,1,1,0,49.0,0,0.0,0.0
南京邮电大学,安徽省,Scratch,1,1,0,65.0,1,0.0,1.0
南京邮电大学,江苏省,C++,171,161,10,49.95614035087719,57,0.05847953216374269,0.35403726708074534
南京邮电大学,江苏省,Python,28,28,0,44.285714285714285,8,0.0,0.2857142857142857
南京邮电大学,江苏省,Scratch,47,47,0,56.787234042553195,22,0.0,0.46808510638297873
南开大学,内蒙古自治区,C++,1,1,0,56.5,0,0.0,0.0
南开大学,北京市,C++,29,29,0,69.34482758620689,19,0.0,0.6551724137931034
南开大学,北京市,Python,2,2,0,54.0,1,0.0,0.5
南开大学,北京市,Scratch,1,1,0,30.0,0,0.0,0.0
南开大学,天津市,C++,1030,1008,22,65.10634146341464,614,0.021359223300970873,0.6091269841269841
南开大学,天津市,Python,102,97,5,57.86764705882353,53,0.049019607843137254,0.5463917525773195
南开大学,天津市,Scratch,75,73,2,64.04,50,0.02666666666666667,0.684931506849315
南开大学,河北省,C++,155,153,2,60.72258064516129,72,0.012903225806451613,0.47058823529411764
南开大学,河北省,Python,33,33,0,48.15151515151515,9,0.0,0.2727272727272727
南开大学,河北省,Scratch,85,84,1,56.55294117647059,45,0.011764705882352941,0.5357142857142857
南通市田家炳初级中学,江苏省,C++,397,396,1,63.39294710327456,243,0.0025188916876574307,0.6136363636363636
南通市田家炳初级中学,江苏省,Python,37,37,0,57.270270270270274,20,0.0,0.5405405405405406
南通市田家炳初级中学,江苏省,Scratch,72,69,3,57.81944444444444,41,0.041666666666666664,0.5942028985507246
博罗县榕城中学,广东省,C++,145,141,4,58.15845070422535,77,0.027586206896551724,0.5460992907801419
博罗县榕城中学,广东省,Python,7,7,0,41.357142857142854,1,0.0,0.14285714285714285
博罗县榕城中学,广东省,Scratch,62,59,3,74.59016393442623,49,0.04838709677419355,0.8305084745762712
博罗县榕城中学,江西省,C++,1,1,0,74.0,1,0.0,1.0
厦门华厦学院,福建省,C++,252,244,8,58.557539682539684,133,0.031746031746031744,0.5450819672131147
厦门华厦学院,福建省,Python,14,14,0,56.285714285714285,5,0.0,0.35714285714285715
厦门华厦学院,福建省,Scratch,12,12,0,44.166666666666664,2,0.0,0.16666666666666666
厦门双十中学(枋湖校区),福建省,C++,313,273,40,57.86206896551724,142,0.12779552715654952,0.5201465201465202
厦门双十中学(枋湖校区),福建省,Python,20,20,0,59.55,10,0.0,0.5
厦门双十中学(枋湖校区),福建省,Scratch,57,54,3,66.05263157894737,41,0.05263157894736842,0.7592592592592593
厦门大学附属实验中学,上海市,C++,1,1,0,43.0,0,0.0,0.0
厦门大学附属实验中学,福建省,C++,187,183,4,59.36363636363637,95,0.0213903743315508,0.5191256830601093
厦门大学附属实验中学,福建省,Python,1,1,0,38.0,0,0.0,0.0
厦门大学附属实验中学,福建省,Scratch,11,10,1,60.0,7,0.09090909090909091,0.7
厦门工学院,福建省,C++,195,173,22,55.70520231213873,80,0.11282051282051282,0.4624277456647399
厦门工学院,福建省,Python,12,12,0,65.91666666666667,7,0.0,0.5833333333333334
厦门工学院,福建省,Scratch,13,13,0,47.61538461538461,4,0.0,0.3076923076923077
厦门英才学校,福建省,C++,246,231,15,67.29268292682927,166,0.06097560975609756,0.7186147186147186
厦门英才学校,福建省,Python,6,6,0,58.833333333333336,3,0.0,0.5
厦门英才学校,福建省,Scratch,25,25,0,66.16,15,0.0,0.6
台州学院（椒江校区）,浙江省,C++,120,109,11,60.97083333333333,69,0.09166666666666666,0.6330275229357798
台州学院（椒江校区）,浙江省,Python,26,26,0,46.90384615384615,4,0.0,0.15384615384615385
台州学院（椒江校区）,浙江省,Scratch,30,30,0,62.36666666666667,21,0.0,0.7
台州职业技术学院,浙江省,C++,543,521,22,62.274253731343286,304,0.040515653775322284,0.5834932821497121
台州职业技术学院,浙江省,Python,88,85,3,64.0813953488372,54,0.03409090909090909,0.6352941176470588
台州职业技术学院,浙江省,Scratch,84,83,1,66.61904761904762,56,0.011904761904761904,0.6746987951807228
合肥工业大学翡翠湖校区,安徽省,C++,118,116,2,63.29237288135593,70,0.01694915254237288,0.603448275862069
合肥工业大学翡翠湖校区,安徽省,Python,1,1,0,26.0,0,0.0,0.0
合肥工业大学翡翠湖校区,安徽省,Scratch,19,16,3,37.68421052631579,4,0.15789473684210525,0.25
合肥市第八中学,安徽省,C++,227,220,7,72.56590909090909,168,0.030837004405286344,0.7636363636363637
合肥市第八中学,安徽省,Python,3,3,0,30.666666666666668,0,0.0,0.0
合肥市第八中学,安徽省,Scratch,7,6,1,71.57142857142857,6,0.14285714285714285,1.0
合肥师范学院（滨湖校区）,安徽省,C++,142,140,2,68.22142857142858,94,0.014084507042253521,0.6714285714285714
合肥师范学院（滨湖校区）,安徽省,Scratch,16,16,0,67.875,8,0.0,0.5
合肥师范学院（锦绣校区）,安徽省,C++,2819,2776,43,69.80394596516174,1934,0.015253636041149344,0.696685878962536
合肥师范学院（锦绣校区）,安徽省,Python,28,28,0,35.267857142857146,4,0.0,0.14285714285714285
合肥师范学院（锦绣校区）,安徽省,Scratch,63,62,1,62.01587301587302,37,0.015873015873015872,0.5967741935483871
合肥师范学院（锦绣校区）,湖北省,C++,1,1,0,88.0,1,0.0,1.0
吉林农业大学,内蒙古自治区,C++,2,2,0,90.0,2,0.0,1.0
吉林农业大学,吉林省,C++,579,559,20,61.89367311072056,325,0.03454231433506045,0.5813953488372093
吉林农业大学,吉林省,Python,22,21,1,40.68181818181818,5,0.045454545454545456,0.23809523809523808
吉林农业大学,吉林省,Scratch,41,40,1,65.1219512195122,25,0.024390243902439025,0.625
吉林农业大学,广东省,C++,1,1,0,34.5,0,0.0,0.0
吉林农业大学,黑龙江省,C++,6,6,0,63.833333333333336,3,0.0,0.5
吉林医药学院,吉林省,C++,81,81,0,55.75308641975309,40,0.0,0.49382716049382713
吉林医药学院,吉林省,Python,14,14,0,18.428571428571427,0,0.0,0.0
吉林医药学院,吉林省,Scratch,9,9,0,36.333333333333336,1,0.0,0.1111111111111111
吉林医药学院,黑龙江省,Scratch,2,2,0,81.0,2,0.0,1.0
吕梁市第一中学,山西省,C++,44,44,0,59.17045454545455,21,0.0,0.4772727272727273
吕梁市第一中学,山西省,Scratch,4,4,0,56.5,2,0.0,0.5
呼和浩特市第三十中学（内蒙古师范大学附属第二学校）,内蒙古自治区,C++,70,68,2,48.911764705882355,25,0.02857142857142857,0.36764705882352944
呼和浩特市第三十中学（内蒙古师范大学附属第二学校）,内蒙古自治区,Python,12,11,1,27.727272727272727,1,0.08333333333333333,0.09090909090909091
呼和浩特市第三十中学（内蒙古师范大学附属第二学校）,内蒙古自治区,Scratch,15,13,2,50.2,5,0.13333333333333333,0.38461538461538464
呼和浩特市赛罕区巨华小学,内蒙古自治区,C++,55,55,0,63.627272727272725,32,0.0,0.5818181818181818
呼和浩特市赛罕区巨华小学,内蒙古自治区,Python,22,22,0,49.20454545454545,5,0.0,0.22727272727272727
呼和浩特市赛罕区巨华小学,内蒙古自治区,Scratch,7,7,0,60.142857142857146,3,0.0,0.42857142857142855
哈尔滨工业大学（深圳）,上海市,C++,1,1,0,46.5,0,0.0,0.0
哈尔滨工业大学（深圳）,广东省,C++,571,565,6,64.6077057793345,365,0.010507880910683012,0.6460176991150443
哈尔滨工业大学（深圳）,广东省,Python,32,32,0,59.78125,18,0.0,0.5625
哈尔滨工业大学（深圳）,广东省,Scratch,56,52,4,56.82142857142857,30,0.07142857142857142,0.5769230769230769
哈尔滨工业大学（深圳）,香港特别行政区,C++,6,5,1,56.333333333333336,3,0.16666666666666666,0.6
唐山市丰润区综合职业技术教育中心,天津市,C++,2,2,0,57.0,1,0.0,0.5
唐山市丰润区综合职业技术教育中心,河北省,C++,163,157,6,51.384375,61,0.03680981595092025,0.3885350318471338
唐山市丰润区综合职业技术教育中心,河北省,Python,31,31,0,49.774193548387096,11,0.0,0.3548387096774194
唐山市丰润区综合职业技术教育中心,河北省,Scratch,7,7,0,59.857142857142854,4,0.0,0.5714285714285714
唐山师范学院,天津市,C++,1,1,0,38.0,0,0.0,0.0
唐山师范学院,河北省,C++,21,21,0,61.80952380952381,10,0.0,0.47619047619047616
唐山师范学院,河北省,Python,1,1,0,65.0,1,0.0,1.0
唐山师范学院,河北省,Scratch,6,6,0,61.333333333333336,3,0.0,0.5
商丘师范学院信息技术学院,河南省,C++,19,18,1,50.60526315789474,6,0.05263157894736842,0.3333333333333333
嘉兴市双溪湖实验中学,上海市,C++,4,4,0,65.375,2,0.0,0.5
嘉兴市双溪湖实验中学,浙江省,C++,65,60,5,61.33870967741935,36,0.07692307692307693,0.6
嘉兴市双溪湖实验中学,浙江省,Python,8,8,0,56.3125,4,0.0,0.5
嘉兴市双溪湖实验中学,浙江省,Scratch,48,48,0,69.375,37,0.0,0.7708333333333334
嘉兴市文贤学校（东校区）,上海市,C++,7,7,0,70.5,4,0.0,0.5714285714285714
嘉兴市文贤学校（东校区）,上海市,Python,2,2,0,25.0,0,0.0,0.0
嘉兴市文贤学校（东校区）,浙江省,C++,431,417,14,59.88084112149533,218,0.03248259860788863,0.5227817745803357
嘉兴市文贤学校（东校区）,浙江省,Python,73,68,5,50.5,26,0.0684931506849315,0.38235294117647056
嘉兴市文贤学校（东校区）,浙江省,Scratch,74,71,3,62.205479452054796,43,0.04054054054054054,0.6056338028169014
嘉峪关市第一中学GESP认证考点,甘肃省,C++,81,81,0,69.14197530864197,54,0.0,0.6666666666666666
嘉峪关市第一中学GESP认证考点,甘肃省,Python,10,10,0,42.35,1,0.0,0.1
嘉峪关市第一中学GESP认证考点,甘肃省,Scratch,2,2,0,38.0,0,0.0,0.0
嘉峪关市第一中学GESP认证考点,青海省,C++,1,1,0,36.5,0,0.0,0.0
四川大学,四川省,Scratch,1,1,0,67.0,1,0.0,1.0
四川成都市新都一中,四川省,C++,694,661,33,57.007925072046106,349,0.04755043227665706,0.5279878971255674
四川成都市新都一中,四川省,Python,27,26,1,50.75925925925926,10,0.037037037037037035,0.38461538461538464
四川成都市新都一中,四川省,Scratch,79,77,2,50.50632911392405,33,0.02531645569620253,0.42857142857142855
四川成都市新都一中,河南省,Scratch,1,1,0,91.0,1,0.0,1.0
四川成都市新都一中,重庆市,C++,1,1,0,96.0,1,0.0,1.0
四川省彭州中学,四川省,C++,22,22,0,61.54545454545455,13,0.0,0.5909090909090909
四川省成都市石室联合中学,四川省,C++,32,29,3,34.953125,3,0.09375,0.10344827586206896
四川省成都市石室联合中学,四川省,Python,1,1,0,92.0,1,0.0,1.0
四川省成都市龙泉中学校,四川省,C++,613,597,16,56.68316831683168,293,0.026101141924959218,0.490787269681742
四川省成都市龙泉中学校,四川省,Python,26,26,0,49.61538461538461,10,0.0,0.38461538461538464
四川省成都市龙泉中学校,四川省,Scratch,111,105,6,55.981651376146786,53,0.05405405405405406,0.5047619047619047
四川省泸州市第七中学校,四川省,C++,67,63,4,45.4375,19,0.05970149253731343,0.30158730158730157
四川省泸州市第七中学校,四川省,Scratch,2,2,0,71.0,1,0.0,0.5
大连大学市内校区,辽宁省,C++,221,210,11,60.5,112,0.049773755656108594,0.5333333333333333
大连大学市内校区,辽宁省,Python,9,9,0,52.77777777777778,3,0.0,0.3333333333333333
大连大学市内校区,辽宁省,Scratch,5,4,1,75.5,3,0.2,0.75
大连市第二十四中学金普学校,辽宁省,C++,651,643,8,61.98771121351766,363,0.01228878648233487,0.5645412130637636
大连市第二十四中学金普学校,辽宁省,Python,50,50,0,50.43,19,0.0,0.38
大连市第二十四中学金普学校,辽宁省,Scratch,74,74,0,74.91891891891892,57,0.0,0.7702702702702703
大连海事大学,辽宁省,C++,146,144,2,61.104166666666664,80,0.0136986301369863,0.5555555555555556
大连海事大学,辽宁省,Python,8,8,0,48.4375,3,0.0,0.375
大连海事大学,辽宁省,Scratch,37,37,0,71.43243243243244,26,0.0,0.7027027027027027
天易高级中学,湖南省,C++,46,45,1,56.455555555555556,24,0.021739130434782608,0.5333333333333333
天易高级中学,湖南省,Python,10,10,0,45.25,2,0.0,0.2
天易高级中学,湖南省,Scratch,6,6,0,64.16666666666667,4,0.0,0.6666666666666666
天津工业大学,北京市,C++,3,3,0,89.16666666666667,3,0.0,1.0
天津工业大学,天津市,C++,85,83,2,61.71084337349398,48,0.023529411764705882,0.5783132530120482
天津工业大学,天津市,Python,2,2,0,28.0,0,0.0,0.0
天津工业大学,天津市,Scratch,7,7,0,66.28571428571429,5,0.0,0.7142857142857143
天津工业大学,河北省,C++,3,3,0,56.5,2,0.0,0.6666666666666666
天津市西青区为明学校（天津南站校区）,北京市,C++,6,6,0,74.25,5,0.0,0.8333333333333334
天津市西青区为明学校（天津南站校区）,北京市,Python,1,1,0,38.0,0,0.0,0.0
天津市西青区为明学校（天津南站校区）,天津市,C++,318,311,7,62.820754716981135,193,0.0220125786163522,0.6205787781350482
天津市西青区为明学校（天津南站校区）,天津市,Python,98,94,4,55.670103092783506,42,0.04081632653061224,0.44680851063829785
天津市西青区为明学校（天津南站校区）,天津市,Scratch,57,56,1,58.75438596491228,28,0.017543859649122806,0.5
天津市西青区为明学校（天津南站校区）,河北省,C++,5,5,0,55.7,2,0.0,0.4
天津财经大学,北京市,C++,13,13,0,76.84615384615384,11,0.0,0.8461538461538461
天津财经大学,北京市,Python,1,1,0,0.0,0,0.0,0.0
天津财经大学,北京市,Scratch,2,2,0,50.0,1,0.0,0.5
天津财经大学,天津市,C++,699,694,5,62.60944206008584,410,0.00715307582260372,0.590778097982709
天津财经大学,天津市,Python,33,31,2,48.333333333333336,12,0.06060606060606061,0.3870967741935484
天津财经大学,天津市,Scratch,21,21,0,63.80952380952381,11,0.0,0.5238095238095238
天津财经大学,河北省,C++,5,5,0,69.9,4,0.0,0.8
天津财经大学,河北省,Scratch,2,2,0,77.5,2,0.0,1.0
天津财经大学,黑龙江省,C++,1,1,0,88.0,1,0.0,1.0
太仓市第一中学,上海市,C++,15,15,0,77.9,12,0.0,0.8
太仓市第一中学,上海市,Python,5,4,1,71.2,4,0.2,1.0
太仓市第一中学,上海市,Scratch,2,2,0,54.0,1,0.0,0.5
太仓市第一中学,江苏省,C++,307,301,6,61.49348534201955,169,0.019543973941368076,0.5614617940199336
太仓市第一中学,江苏省,Python,14,14,0,32.142857142857146,2,0.0,0.14285714285714285
太仓市第一中学,江苏省,Scratch,18,18,0,58.55555555555556,11,0.0,0.6111111111111112
太仓市第一中学,浙江省,C++,4,4,0,77.75,3,0.0,0.75
太仓市高级中学,上海市,C++,9,8,1,65.4375,5,0.1111111111111111,0.625
太仓市高级中学,上海市,Python,2,1,1,34.0,0,0.5,0.0
太仓市高级中学,上海市,Scratch,1,1,0,68.0,1,0.0,1.0
太仓市高级中学,江苏省,C++,126,122,4,61.131147540983605,69,0.031746031746031744,0.5655737704918032
太仓市高级中学,江苏省,Python,7,7,0,54.285714285714285,3,0.0,0.42857142857142855
太仓市高级中学,江苏省,Scratch,3,3,0,59.333333333333336,2,0.0,0.6666666666666666
威海市实验高级中学,山东省,C++,333,324,9,67.29003021148036,203,0.02702702702702703,0.6265432098765432
威海市实验高级中学,山东省,Python,3,2,1,73.75,2,0.3333333333333333,1.0
威海市实验高级中学,山东省,Scratch,9,9,0,66.0,7,0.0,0.7777777777777778
威海市望海园中学,山东省,C++,246,245,1,70.41428571428571,173,0.0040650406504065045,0.7061224489795919
威海市望海园中学,山东省,Python,2,2,0,31.5,0,0.0,0.0
威海市望海园中学,山东省,Scratch,3,3,0,44.333333333333336,0,0.0,0.0
宁夏大学,内蒙古自治区,C++,6,6,0,62.666666666666664,3,0.0,0.5
宁夏大学,内蒙古自治区,Python,3,3,0,53.0,1,0.0,0.3333333333333333
宁夏大学,宁夏回族自治区,C++,361,339,22,53.049019607843135,157,0.060941828254847646,0.4631268436578171
宁夏大学,宁夏回族自治区,Python,75,72,3,37.38666666666666,11,0.04,0.1527777777777778
宁夏大学,宁夏回族自治区,Scratch,274,269,5,58.302919708029194,137,0.01824817518248175,0.5092936802973977
宁波城市职业技术学院（鄞州）,宁波城市,C++,1,1,0,98.0,1,0.0,1.0
宁波城市职业技术学院（鄞州）,宁波城市,Scratch,1,1,0,52.0,0,0.0,0.0
宁波城市职业技术学院（鄞州）,安徽省,C++,1,1,0,65.5,1,0.0,1.0
宁波城市职业技术学院（鄞州）,浙江省,C++,3526,3444,82,62.41144646924829,1978,0.023255813953488372,0.5743321718931476
宁波城市职业技术学院（鄞州）,浙江省,Python,118,118,0,49.6228813559322,41,0.0,0.3474576271186441
宁波城市职业技术学院（鄞州）,浙江省,Scratch,387,380,7,60.365284974093264,209,0.01808785529715762,0.55
宁波大学科学技术学院（慈溪）,浙江省,C++,139,135,4,63.1985294117647,81,0.02877697841726619,0.6
宁波大学科学技术学院（慈溪）,浙江省,Python,3,3,0,79.16666666666667,3,0.0,1.0
宁波大学科学技术学院（慈溪）,浙江省,Scratch,42,41,1,62.476190476190474,24,0.023809523809523808,0.5853658536585366
宁波市海曙外国语学校,浙江省,C++,441,425,16,62.03318077803203,252,0.036281179138321996,0.5929411764705882
宁波市海曙外国语学校,浙江省,Python,20,20,0,49.925,8,0.0,0.4
宁波市海曙外国语学校,浙江省,Scratch,14,14,0,66.42857142857143,8,0.0,0.5714285714285714
宁波职业技术学院(北仑）,浙江省,C++,408,391,17,64.54,246,0.041666666666666664,0.629156010230179
宁波职业技术学院(北仑）,浙江省,Python,15,15,0,73.53333333333333,11,0.0,0.7333333333333333
宁波职业技术学院(北仑）,浙江省,Scratch,45,45,0,67.77777777777777,33,0.0,0.7333333333333333
安吉县实验小学,江苏省,C++,1,1,0,75.5,1,0.0,1.0
安吉县实验小学,浙江省,C++,49,47,2,65.87234042553192,31,0.04081632653061224,0.6595744680851063
安吉县实验小学,浙江省,Python,1,1,0,30.5,0,0.0,0.0
安吉县实验小学,浙江省,Scratch,1,1,0,86.0,1,0.0,1.0
安平县志臻学校,河北省,C++,65,61,4,52.25396825396825,22,0.06153846153846154,0.36065573770491804
安平县志臻学校,河北省,Python,2,2,0,74.0,2,0.0,1.0
安平县志臻学校,河北省,Scratch,10,10,0,59.8,6,0.0,0.6
安徽工业大学,安徽省,C++,85,83,2,60.993975903614455,42,0.023529411764705882,0.5060240963855421
安徽工业大学,安徽省,Scratch,5,5,0,75.4,3,0.0,0.6
安徽省六安第一中学,安徽省,C++,154,154,0,74.63311688311688,118,0.0,0.7662337662337663
安徽省六安第一中学,安徽省,Python,4,3,1,67.83333333333333,2,0.25,0.6666666666666666
安徽省六安第一中学,安徽省,Scratch,36,34,2,59.638888888888886,20,0.05555555555555555,0.5882352941176471
安徽省歙县中学,安徽省,C++,40,40,0,64.525,24,0.0,0.6
安徽省歙县中学,安徽省,Scratch,1,1,0,53.0,0,0.0,0.0
安阳中心考点,河南省,Scratch,2,2,0,66.5,1,0.0,0.5
安阳示范区飞翔中学,河北省,C++,1,1,0,90.0,1,0.0,1.0
安阳示范区飞翔中学,河北省,Python,1,1,0,18.0,0,0.0,0.0
安阳示范区飞翔中学,河南省,C++,77,75,2,46.42857142857143,24,0.025974025974025976,0.32
安阳示范区飞翔中学,河南省,Python,18,18,0,51.5,6,0.0,0.3333333333333333
安阳示范区飞翔中学,河南省,Scratch,21,20,1,62.476190476190474,12,0.047619047619047616,0.6
宜兴市实验中学,江苏省,C++,672,654,18,67.77347242921013,439,0.026785714285714284,0.6712538226299695
宜兴市实验中学,江苏省,Python,9,9,0,56.666666666666664,4,0.0,0.4444444444444444
宜兴市实验中学,江苏省,Scratch,58,58,0,55.189655172413794,28,0.0,0.4827586206896552
宜兴市实验中学,浙江省,C++,1,1,0,88.0,1,0.0,1.0
宜宾市翠屏区成外附属小学,四川省,C++,91,86,5,58.8876404494382,49,0.054945054945054944,0.5697674418604651
宜宾市翠屏区成外附属小学,四川省,Python,6,5,1,60.2,3,0.16666666666666666,0.6
宜宾市翠屏区成外附属小学,四川省,Scratch,7,7,0,62.57142857142857,4,0.0,0.5714285714285714
宜章县湘南红军学校,湖南省,C++,3,3,0,64.0,2,0.0,0.6666666666666666
宜章县湘南红军学校,湖南省,Scratch,53,52,1,71.03846153846153,38,0.018867924528301886,0.7307692307692307
宿州市通济小学,安徽省,C++,14,13,1,53.714285714285715,5,0.07142857142857142,0.38461538461538464
宿州市通济小学,安徽省,Python,15,15,0,59.9,10,0.0,0.6666666666666666
宿州市通济小学,安徽省,Scratch,57,55,2,69.15789473684211,40,0.03508771929824561,0.7272727272727273
宿迁学院,安徽省,Python,1,1,0,62.0,1,0.0,1.0
宿迁学院,安徽省,Scratch,19,19,0,80.42105263157895,19,0.0,1.0
宿迁学院,江苏省,C++,104,102,2,58.849514563106794,51,0.019230769230769232,0.5
宿迁学院,江苏省,Python,12,12,0,29.666666666666668,0,0.0,0.0
宿迁学院,江苏省,Scratch,112,109,3,52.55357142857143,47,0.026785714285714284,0.43119266055045874
宿迁市苏州外国语实验学校,江苏省,C++,317,309,8,62.88535031847134,174,0.025236593059936908,0.5631067961165048
宿迁市苏州外国语实验学校,江苏省,Python,1,1,0,45.5,0,0.0,0.0
宿迁市苏州外国语实验学校,江苏省,Scratch,4,4,0,82.0,4,0.0,1.0
山东信息职业技术学院,山东省,C++,186,185,1,71.61021505376344,137,0.005376344086021506,0.7405405405405405
山东信息职业技术学院,山东省,Python,2,2,0,24.0,0,0.0,0.0
山东信息职业技术学院,山东省,Scratch,2,2,0,45.0,0,0.0,0.0
山东女子学院数据科学与计算机学院,山东省,C++,383,368,15,64.408,224,0.0391644908616188,0.6086956521739131
山东女子学院数据科学与计算机学院,山东省,Python,13,13,0,41.46153846153846,2,0.0,0.15384615384615385
山东女子学院数据科学与计算机学院,山东省,Scratch,79,79,0,63.936708860759495,51,0.0,0.6455696202531646
山东女子学院数据科学与计算机学院,河北省,C++,1,1,0,32.5,0,0.0,0.0
山东工商学院,山东省,C++,158,157,1,71.94303797468355,114,0.006329113924050633,0.7261146496815286
山东工商学院,山东省,Python,4,4,0,53.5,1,0.0,0.25
山东工商学院,山东省,Scratch,6,6,0,67.66666666666667,4,0.0,0.6666666666666666
山东师范大学附属中学,山东省,C++,1023,978,45,66.64059405940594,640,0.04398826979472141,0.65439672801636
山东师范大学附属中学,山东省,Python,8,8,0,59.75,5,0.0,0.625
山东师范大学附属中学,山东省,Scratch,22,22,0,59.0,12,0.0,0.5454545454545454
山东理工大学,山东省,C++,83,79,4,47.5722891566265,27,0.04819277108433735,0.34177215189873417
山东理工大学,山东省,Python,16,15,1,50.84375,6,0.0625,0.4
山东理工大学,山东省,Scratch,23,23,0,52.391304347826086,9,0.0,0.391304347826087
山东理工大学计算机学院,山东省,C++,91,89,2,60.47802197802198,50,0.02197802197802198,0.5617977528089888
山东理工大学计算机学院,山东省,Python,7,7,0,66.5,4,0.0,0.5714285714285714
山东省临沂第一中学,山东省,C++,147,147,0,65.45578231292517,92,0.0,0.6258503401360545
山东省临沂第一中学,山东省,Python,5,5,0,42.3,1,0.0,0.2
山东省临沂第一中学,山东省,Scratch,24,24,0,73.66666666666667,19,0.0,0.7916666666666666
山东省临沂第四中学,山东省,C++,394,387,7,63.29770992366412,228,0.017766497461928935,0.5891472868217055
山东省临沂第四中学,山东省,Python,4,3,1,51.666666666666664,1,0.25,0.3333333333333333
山东省临沂第四中学,山东省,Scratch,16,16,0,65.125,11,0.0,0.6875
山东省平邑第一中学,山东省,C++,284,281,3,65.89612676056338,176,0.01056338028169014,0.6263345195729537
山东省平邑第一中学,山东省,Python,1,1,0,18.0,0,0.0,0.0
山东省平邑第一中学,山东省,Scratch,5,5,0,73.8,4,0.0,0.8
山东省济南市莱芜第一中学,山东省,C++,220,218,2,65.275,137,0.00909090909090909,0.6284403669724771
山东省济南市莱芜第一中学,山东省,Python,8,8,0,49.1875,3,0.0,0.375
山东省济南市莱芜第一中学,山东省,Scratch,18,18,0,75.77777777777777,16,0.0,0.8888888888888888
山东省滕州市龙泉街道滕南中学南校区,山东省,C++,86,83,3,56.1764705882353,43,0.03488372093023256,0.5180722891566265
山东省滕州市龙泉街道滕南中学南校区,山东省,Python,20,20,0,41.3,3,0.0,0.15
山东省滕州市龙泉街道滕南中学南校区,山东省,Scratch,63,63,0,63.492063492063494,37,0.0,0.5873015873015873
山东省潍坊第一中学,山东省,C++,134,132,2,65.92481203007519,83,0.014925373134328358,0.6287878787878788
山东省潍坊第一中学,山东省,Python,9,9,0,41.94444444444444,1,0.0,0.1111111111111111
山东省潍坊第一中学,山东省,Scratch,9,9,0,68.88888888888889,6,0.0,0.6666666666666666
山东省阳谷县嘉和城中学,山东省,C++,21,21,0,59.523809523809526,11,0.0,0.5238095238095238
山东省阳谷县嘉和城中学,山东省,Python,2,2,0,64.5,1,0.0,0.5
山东科技大学,山东省,C++,160,156,4,52.666666666666664,62,0.025,0.3974358974358974
山东科技大学,山东省,Python,17,17,0,56.11764705882353,9,0.0,0.5294117647058824
山东科技大学,山东省,Scratch,7,7,0,74.57142857142857,6,0.0,0.8571428571428571
山西大学计算机与信息技术学院,内蒙古自治区,C++,3,3,0,77.0,2,0.0,0.6666666666666666
山西大学计算机与信息技术学院,山西省,C++,729,729,0,67.03086419753086,467,0.0,0.6406035665294925
山西大学计算机与信息技术学院,山西省,Python,57,57,0,42.078947368421055,13,0.0,0.22807017543859648
山西大学计算机与信息技术学院,山西省,Scratch,91,85,6,55.62068965517241,38,0.06593406593406594,0.4470588235294118
山西大学计算机与信息技术学院,甘肃省,C++,1,1,0,56.5,0,0.0,0.0
山西大学计算机与信息技术学院,甘肃省,Scratch,2,1,1,11.0,0,0.5,0.0
山西大学计算机与信息技术学院,陕西省,C++,2,2,0,14.0,0,0.0,0.0
岳阳县岳雅学校,湖北省,C++,1,1,0,49.0,0,0.0,0.0
岳阳县岳雅学校,湖南省,C++,88,86,2,65.14772727272727,60,0.022727272727272728,0.6976744186046512
岳阳县岳雅学校,湖南省,Python,6,6,0,27.833333333333332,0,0.0,0.0
岳阳县岳雅学校,湖南省,Scratch,119,117,2,62.554621848739494,70,0.01680672268907563,0.5982905982905983
常州信息职业技术学院（江苏省时空信息中小学生职业体验中心）,上海市,C++,1,1,0,92.0,1,0.0,1.0
常州信息职业技术学院（江苏省时空信息中小学生职业体验中心）,安徽省,Scratch,3,3,0,65.33333333333333,3,0.0,1.0
常州信息职业技术学院（江苏省时空信息中小学生职业体验中心）,山东省,C++,1,1,0,90.0,1,0.0,1.0
常州信息职业技术学院（江苏省时空信息中小学生职业体验中心）,江苏省,C++,1245,1198,47,63.822123176661265,728,0.03775100401606426,0.6076794657762938
常州信息职业技术学院（江苏省时空信息中小学生职业体验中心）,江苏省,Python,53,51,2,44.41509433962264,13,0.03773584905660377,0.2549019607843137
常州信息职业技术学院（江苏省时空信息中小学生职业体验中心）,江苏省,Scratch,65,63,2,60.4,38,0.03076923076923077,0.6031746031746031
常州信息职业技术学院（江苏省时空信息中小学生职业体验中心）,（江苏省,C++,1,1,0,88.0,1,0.0,1.0
常熟市实验小学,上海市,C++,2,2,0,59.0,1,0.0,0.5
常熟市实验小学,江苏省,C++,289,279,10,58.07785467128028,142,0.03460207612456748,0.5089605734767025
常熟市实验小学,江苏省,Python,12,12,0,41.416666666666664,3,0.0,0.25
常熟市实验小学,江苏省,Scratch,13,13,0,49.76923076923077,4,0.0,0.3076923076923077
常熟市锦荷中学,江苏省,Scratch,1,1,0,75.0,1,0.0,1.0
常熟理工学院,江苏省,C++,247,234,13,58.349794238683124,121,0.05263157894736842,0.5170940170940171
常熟理工学院,江苏省,Python,20,20,0,46.75,4,0.0,0.2
常熟理工学院,江苏省,Scratch,7,7,0,67.85714285714286,4,0.0,0.5714285714285714
平凉市第八中学,甘肃省,C++,4,4,0,50.75,1,0.0,0.25
平凉市第八中学,甘肃省,Python,29,29,0,84.62068965517241,27,0.0,0.9310344827586207
平凉市第八中学,甘肃省,Scratch,24,24,0,55.333333333333336,13,0.0,0.5416666666666666
平昌县第二小学,四川省,C++,19,16,3,48.73684210526316,12,0.15789473684210525,0.75
平昌县第二小学,四川省,Scratch,2,1,1,20.0,0,0.5,0.0
广东外语外贸大学,广东省,C++,698,665,33,59.83527696793003,369,0.04727793696275072,0.5548872180451128
广东外语外贸大学,广东省,Python,20,18,2,46.85,7,0.1,0.3888888888888889
广东外语外贸大学,广东省,Scratch,80,74,6,54.81012658227848,39,0.075,0.527027027027027
广东工业大学（大学城校区）,广东省,C++,1219,1166,53,60.74077112387203,674,0.043478260869565216,0.5780445969125214
广东工业大学（大学城校区）,广东省,Python,62,60,2,52.82258064516129,25,0.03225806451612903,0.4166666666666667
广东工业大学（大学城校区）,广东省,Scratch,215,212,3,62.14018691588785,134,0.013953488372093023,0.6320754716981132
广东工业大学（大学城校区）,广西壮族自治区,Scratch,2,2,0,54.5,1,0.0,0.5
广东工业大学（龙洞校区）,广东省,C++,1426,1351,75,61.923541963015644,803,0.052594670406732116,0.5943745373797187
广东工业大学（龙洞校区）,广东省,Python,63,62,1,57.225806451612904,26,0.015873015873015872,0.41935483870967744
广东工业大学（龙洞校区）,广东省,Scratch,173,166,7,55.97674418604651,83,0.04046242774566474,0.5
广东工业大学（龙洞校区）,香港特别行政区,C++,1,1,0,16.0,0,0.0,0.0
广东技术师范大学（东校区-天河）,广东省,C++,375,360,15,53.44533333333333,145,0.04,0.4027777777777778
广东技术师范大学（东校区-天河）,广东省,Python,36,33,3,38.90277777777778,8,0.08333333333333333,0.24242424242424243
广东技术师范大学（东校区-天河）,广东省,Scratch,125,120,5,54.696,60,0.04,0.5
广东省汕头市金平区聿怀中学,广东省,C++,48,45,3,74.98958333333333,38,0.0625,0.8444444444444444
广东省汕头市金平区聿怀中学,广东省,Python,2,2,0,89.0,2,0.0,1.0
广东科学技术职业学院,北京市,C++,1,0,1,0.0,0,1.0,
广东科学技术职业学院,广东省,C++,186,176,10,63.065934065934066,114,0.053763440860215055,0.6477272727272727
广东科学技术职业学院,广东省,Python,32,28,4,39.666666666666664,8,0.125,0.2857142857142857
广东科学技术职业学院,广东省,Scratch,16,15,1,53.9375,7,0.0625,0.4666666666666667
广东科学技术职业学院,澳门特别行政区,C++,3,3,0,41.666666666666664,1,0.0,0.3333333333333333
广东科学技术职业学院,澳门特别行政区,Python,1,1,0,77.5,1,0.0,1.0
广东科学技术职业学院,香港特别行政区,C++,1,1,0,57.0,0,0.0,0.0
广东科技学院,广东省,C++,1607,1553,54,64.07156308851224,956,0.03360298693217175,0.6155827430779137
广东科技学院,广东省,Python,133,129,4,50.90530303030303,52,0.03007518796992481,0.40310077519379844
广东科技学院,广东省,Scratch,199,191,8,54.84924623115578,90,0.04020100502512563,0.4712041884816754
广东科技学院,江西省,C++,1,1,0,92.0,1,0.0,1.0
广东科技学院,湖南省,Python,1,1,0,26.0,0,0.0,0.0
广东科技学院,香港特别行政区,C++,1,1,0,22.0,0,0.0,0.0
广东轻工职业技术学院,广东省,C++,1504,1443,61,62.995929443690635,833,0.04055851063829787,0.5772695772695773
广东轻工职业技术学院,广东省,Python,65,63,2,48.97692307692308,17,0.03076923076923077,0.2698412698412698
广东轻工职业技术学院,广东省,Scratch,220,214,6,61.56363636363636,136,0.02727272727272727,0.6355140186915887
广东轻工职业技术学院,浙江省,C++,1,0,1,,0,1.0,
广东轻工职业技术学院,澳门特别行政区,C++,1,1,0,94.0,1,0.0,1.0
广东轻工职业技术学院（佛山南海校区）,广东省,C++,661,638,23,62.614307931570764,382,0.03479576399394856,0.5987460815047022
广东轻工职业技术学院（佛山南海校区）,广东省,Python,41,38,3,47.294871794871796,12,0.07317073170731707,0.3157894736842105
广东轻工职业技术学院（佛山南海校区）,广东省,Scratch,89,86,3,68.92045454545455,67,0.033707865168539325,0.7790697674418605
广州外国语学校,广东省,C++,137,134,3,62.53284671532847,77,0.021897810218978103,0.5746268656716418
广州外国语学校,广东省,Python,3,3,0,79.66666666666667,2,0.0,0.6666666666666666
广州外国语学校,广东省,Scratch,44,43,1,51.27272727272727,14,0.022727272727272728,0.32558139534883723
广州大学附属中学（大学城校区）,广东省,C++,384,356,28,59.43939393939394,190,0.07291666666666667,0.5337078651685393
广州大学附属中学（大学城校区）,广东省,Python,15,15,0,45.53333333333333,5,0.0,0.3333333333333333
广州大学附属中学（大学城校区）,广东省,Scratch,45,44,1,67.5111111111111,31,0.022222222222222223,0.7045454545454546
广州大学附属中学（黄华路校区）,广东省,C++,139,136,3,63.26470588235294,80,0.02158273381294964,0.5882352941176471
广州大学附属中学（黄华路校区）,广东省,Python,3,3,0,50.166666666666664,2,0.0,0.6666666666666666
广州大学附属中学（黄华路校区）,广东省,Scratch,8,8,0,74.0,6,0.0,0.75
广州密码岛青少年编程教育科普基地,广东省,Scratch,1,1,0,73.0,1,0.0,1.0
广州市绿翠现代实验学校（怡乐路校区）,广东省,C++,226,221,5,56.924778761061944,106,0.022123893805309734,0.4796380090497738
广州市绿翠现代实验学校（怡乐路校区）,广东省,Python,33,33,0,40.484848484848484,5,0.0,0.15151515151515152
广州市绿翠现代实验学校（怡乐路校区）,广东省,Scratch,52,48,4,51.13461538461539,23,0.07692307692307693,0.4791666666666667
广州市绿翠现代实验学校（怡乐路校区）,广西壮族自治区,C++,1,1,0,69.0,1,0.0,1.0
广州市绿翠现代实验学校（滨江东路校区）,广东省,C++,339,323,16,54.22575757575758,151,0.0471976401179941,0.4674922600619195
广州市绿翠现代实验学校（滨江东路校区）,广东省,Python,19,19,0,40.23684210526316,2,0.0,0.10526315789473684
广州市绿翠现代实验学校（滨江东路校区）,广东省,Scratch,45,41,4,47.84444444444444,18,0.08888888888888889,0.43902439024390244
广州市绿翠现代实验学校（滨江东路校区）,江西省,C++,1,1,0,42.0,0,0.0,0.0
广州新华学院,广东省,C++,397,375,22,59.751918158567776,199,0.055415617128463476,0.5306666666666666
广州新华学院,广东省,Python,18,16,2,46.416666666666664,7,0.1111111111111111,0.4375
广州新华学院,广东省,Scratch,84,81,3,56.392857142857146,42,0.03571428571428571,0.5185185185185185
广州新华学院,福建省,Scratch,1,0,1,0.0,0,1.0,
广州新华学院(东莞校区）,广东省,C++,161,150,11,52.922360248447205,67,0.06832298136645963,0.44666666666666666
广州新华学院(东莞校区）,广东省,Python,50,50,0,49.2,15,0.0,0.3
广州新华学院(东莞校区）,广东省,Scratch,2,1,1,21.5,0,0.5,0.0
广州番禺职业技术学院,广东省,C++,226,217,9,54.19911504424779,105,0.03982300884955752,0.4838709677419355
广州番禺职业技术学院,广东省,Python,34,34,0,39.30882352941177,7,0.0,0.20588235294117646
广州番禺职业技术学院,广东省,Scratch,160,154,6,50.05625,56,0.0375,0.36363636363636365
广州番禺职业技术学院,,Python,1,1,0,16.0,0,0.0,0.0
广西财经学院,广东省,C++,2,2,0,84.0,2,0.0,1.0
广西财经学院,广西壮族自治区,C++,569,528,41,57.94633273703041,291,0.07205623901581722,0.5511363636363636
广西财经学院,广西壮族自治区,Python,14,12,2,27.642857142857142,2,0.14285714285714285,0.16666666666666666
广西财经学院,广西壮族自治区,Scratch,54,54,0,60.22222222222222,31,0.0,0.5740740740740741
廊坊市第十五中学,北京市,C++,10,10,0,71.15,7,0.0,0.7
廊坊市第十五中学,天津市,C++,1,1,0,86.0,1,0.0,1.0
廊坊市第十五中学,天津市,Python,6,6,0,33.166666666666664,0,0.0,0.0
廊坊市第十五中学,河北省,C++,35,32,3,64.34285714285714,21,0.08571428571428572,0.65625
廊坊市第十五中学,河北省,Python,2,2,0,49.0,1,0.0,0.5
张家口北京一零一实验学校,山西省,C++,7,7,0,58.07142857142857,3,0.0,0.42857142857142855
张家口北京一零一实验学校,河北省,C++,86,86,0,62.651162790697676,52,0.0,0.6046511627906976
张家口北京一零一实验学校,河北省,Python,19,19,0,57.28947368421053,9,0.0,0.47368421052631576
张家口北京一零一实验学校,河北省,Scratch,103,103,0,64.77669902912622,63,0.0,0.6116504854368932
徐州工程学院,北京市,C++,1,1,0,67.0,1,0.0,1.0
徐州工程学院,安徽省,C++,12,11,1,65.4090909090909,7,0.08333333333333333,0.6363636363636364
徐州工程学院,山东省,C++,13,13,0,55.0,6,0.0,0.46153846153846156
徐州工程学院,山东省,Scratch,2,2,0,55.0,0,0.0,0.0
徐州工程学院,江苏省,C++,810,787,23,60.22518610421836,437,0.028395061728395062,0.5552731893265566
徐州工程学院,江苏省,Python,81,80,1,43.907407407407405,22,0.012345679012345678,0.275
徐州工程学院,江苏省,Scratch,104,104,0,53.03846153846154,39,0.0,0.375
惠州市惠城区金源学校,广东省,C++,237,231,6,61.42372881355932,132,0.02531645569620253,0.5714285714285714
惠州市惠城区金源学校,广东省,Python,51,50,1,52.3235294117647,24,0.0196078431372549,0.48
惠州市惠城区金源学校,广东省,Scratch,119,118,1,67.19327731092437,81,0.008403361344537815,0.6864406779661016
惠州市惠城区金源学校,江西省,C++,1,1,0,86.0,1,0.0,1.0
成都外国语学校附属小学,四川省,C++,116,110,6,64.18181818181819,72,0.05172413793103448,0.6545454545454545
成都外国语学校附属小学,四川省,Python,4,3,1,17.333333333333332,0,0.25,0.0
成都外国语学校附属小学,四川省,Scratch,15,15,0,71.2,12,0.0,0.8
成都市新津区成外学校,四川省,C++,362,350,12,68.06741573033707,239,0.03314917127071823,0.6828571428571428
成都市新津区成外学校,四川省,Python,12,10,2,39.166666666666664,2,0.16666666666666666,0.2
成都市新津区成外学校,四川省,Scratch,29,27,2,59.57142857142857,15,0.06896551724137931,0.5555555555555556
成都市新津区成外学校,重庆市,C++,1,1,0,90.0,1,0.0,1.0
成都市新都四中,四川省,C++,145,136,9,54.39310344827586,66,0.06206896551724138,0.4852941176470588
成都市新都四中,四川省,Python,1,1,0,20.0,0,0.0,0.0
成都市新都四中,四川省,Scratch,3,3,0,64.33333333333333,2,0.0,0.6666666666666666
成都市武侯区金苹果龙南小学,四川省,C++,481,458,23,65.79245283018868,308,0.04781704781704782,0.6724890829694323
成都市武侯区金苹果龙南小学,四川省,Python,13,13,0,48.88461538461539,3,0.0,0.23076923076923078
成都市武侯区金苹果龙南小学,四川省,Scratch,29,27,2,62.214285714285715,18,0.06896551724137931,0.6666666666666666
成都市锦江区嘉祥外国语学校,四川省,C++,523,493,30,64.6747572815534,319,0.05736137667304015,0.6470588235294118
成都市锦江区嘉祥外国语学校,四川省,Python,7,5,2,48.0,3,0.2857142857142857,0.6
成都市锦江区嘉祥外国语学校,四川省,Scratch,9,9,0,65.0,7,0.0,0.7777777777777778
成都师上学校,四川省,C++,112,103,9,64.16990291262135,62,0.08035714285714286,0.6019417475728155
成都师上学校,四川省,Python,4,3,1,26.0,0,0.25,0.0
成都师上学校,四川省,Scratch,15,13,2,68.4,11,0.13333333333333333,0.8461538461538461
攀枝花市实验学校,四川省,C++,24,22,2,58.45652173913044,12,0.08333333333333333,0.5454545454545454
攀枝花市实验学校,四川省,Python,10,10,0,39.9,2,0.0,0.2
攀枝花市实验学校,四川省,Scratch,73,69,4,49.16438356164384,28,0.0547945205479452,0.4057971014492754
新沂市第一中学,江苏省,C++,7,7,0,38.142857142857146,2,0.0,0.2857142857142857
新沂市第一中学,江苏省,Scratch,13,13,0,56.46153846153846,6,0.0,0.46153846153846156
新疆大学,四川省,C++,1,1,0,50.5,0,0.0,0.0
新疆大学,新疆生产建设兵团,C++,7,7,0,60.857142857142854,4,0.0,0.5714285714285714
新疆大学,新疆生产建设兵团,Python,1,1,0,82.0,1,0.0,1.0
新疆大学,新疆生产建设兵团,Scratch,1,1,0,22.0,0,0.0,0.0
新疆大学,新疆维吾尔自治区,C++,1372,1308,64,57.69712601326455,677,0.04664723032069971,0.5175840978593272
新疆大学,新疆维吾尔自治区,Python,17,16,1,41.529411764705884,3,0.058823529411764705,0.1875
新疆大学,新疆维吾尔自治区,Scratch,115,109,6,49.61739130434783,43,0.05217391304347826,0.3944954128440367
新疆师范大学,新疆维吾尔自治区,C++,66,64,2,53.3984375,27,0.030303030303030304,0.421875
新疆师范大学,新疆维吾尔自治区,Python,1,1,0,36.0,0,0.0,0.0
新疆师范大学,新疆维吾尔自治区,Scratch,3,1,2,13.666666666666666,0,0.6666666666666666,0.0
无锡市第一中学,江苏省,C++,345,333,12,65.55555555555556,213,0.034782608695652174,0.6396396396396397
无锡市第一中学,江苏省,Python,22,20,2,47.18181818181818,8,0.09090909090909091,0.4
无锡市第一中学,江苏省,Scratch,125,120,5,61.136,74,0.04,0.6166666666666667
昆山市亭林初级中学,江苏省,C++,25,23,2,50.44,11,0.08,0.4782608695652174
昆山市亭林初级中学,江苏省,Python,1,1,0,24.0,0,0.0,0.0
昆山市亭林初级中学,江苏省,Scratch,23,23,0,62.52173913043478,17,0.0,0.7391304347826086
昆山高新区汉浦中学,上海市,C++,9,9,0,74.88888888888889,7,0.0,0.7777777777777778
昆山高新区汉浦中学,上海市,Scratch,1,1,0,68.0,1,0.0,1.0
昆山高新区汉浦中学,江苏省,C++,330,317,13,64.10736196319019,197,0.03939393939393939,0.6214511041009464
昆山高新区汉浦中学,江苏省,Python,24,24,0,49.9375,9,0.0,0.375
昆山高新区汉浦中学,江苏省,Scratch,23,22,1,71.30434782608695,19,0.043478260869565216,0.8636363636363636
昆明市盘龙区明致实验中学,云南省,C++,127,120,7,54.110236220472444,55,0.05511811023622047,0.4583333333333333
昆明市盘龙区明致实验中学,云南省,Python,32,29,3,49.328125,14,0.09375,0.4827586206896552
昆明市盘龙区明致实验中学,云南省,Scratch,108,100,8,55.97222222222222,53,0.07407407407407407,0.53
昆明广播电视大学,云南省,C++,181,177,4,62.46892655367232,92,0.022099447513812154,0.519774011299435
昆明广播电视大学,云南省,Python,18,18,0,51.72222222222222,7,0.0,0.3888888888888889
昆明广播电视大学,云南省,Scratch,43,42,1,62.348837209302324,24,0.023255813953488372,0.5714285714285714
昆明润城学校,云南省,C++,471,452,19,57.497844827586206,221,0.040339702760084924,0.4889380530973451
昆明润城学校,云南省,Python,14,14,0,42.17857142857143,4,0.0,0.2857142857142857
昆明润城学校,云南省,Scratch,66,63,3,57.578125,34,0.045454545454545456,0.5396825396825397
曲阜市博文学校考点,山东省,C++,35,33,2,72.61428571428571,27,0.05714285714285714,0.8181818181818182
曲阜市博文学校考点,山东省,Scratch,144,143,1,71.83216783216783,106,0.006944444444444444,0.7412587412587412
曲靖市第二中学,云南省,C++,101,100,1,55.725,44,0.009900990099009901,0.44
曲靖市第二中学,云南省,Python,12,10,2,54.958333333333336,8,0.16666666666666666,0.8
曲靖市第二中学,云南省,Scratch,12,12,0,61.083333333333336,6,0.0,0.5
曲靖市第二中学,贵州省,C++,1,1,0,74.0,1,0.0,1.0
来宾市河西小学,广西壮族自治区,C++,7,7,0,60.214285714285715,3,0.0,0.42857142857142855
来宾市河西小学,广西壮族自治区,Scratch,13,13,0,53.76923076923077,4,0.0,0.3076923076923077
杭州市富阳区永兴学校,安徽省,C++,5,5,0,85.6,5,0.0,1.0
杭州市富阳区永兴学校,山东省,C++,1,1,0,94.0,1,0.0,1.0
杭州市富阳区永兴学校,浙江省,C++,346,329,17,67.39181286549707,224,0.049132947976878616,0.6808510638297872
杭州市富阳区永兴学校,浙江省,Python,4,0,4,0.0,0,1.0,
杭州市富阳区永兴学校,浙江省,Scratch,17,17,0,69.76470588235294,12,0.0,0.7058823529411765
杭州师范大学信息科学与技术学院,浙江省,C++,146,146,0,54.50342465753425,59,0.0,0.4041095890410959
杭州师范大学信息科学与技术学院,浙江省,Python,1,1,0,98.0,1,0.0,1.0
杭州师范大学信息科学与技术学院,浙江省,Scratch,6,6,0,39.5,0,0.0,0.0
楚门镇中心小学,浙江省,C++,128,128,0,69.41796875,91,0.0,0.7109375
楚门镇中心小学,浙江省,Python,18,18,0,58.416666666666664,9,0.0,0.5
楚门镇中心小学,浙江省,Scratch,30,30,0,60.266666666666666,15,0.0,0.5
武汉职业技术学院,江西省,C++,1,1,0,84.0,1,0.0,1.0
武汉职业技术学院,湖北省,C++,993,993,0,63.03524672708963,598,0.0,0.6022155085599195
武汉职业技术学院,湖北省,Python,132,132,0,51.42045454545455,54,0.0,0.4090909090909091
武汉职业技术学院,湖北省,Scratch,419,407,12,64.74820143884892,273,0.028639618138424822,0.6707616707616708
汉中东辰外国语学校,陕西省,C++,26,25,1,71.09615384615384,19,0.038461538461538464,0.76
汉中东辰外国语学校,陕西省,Python,3,3,0,73.5,2,0.0,0.6666666666666666
汉中东辰外国语学校,陕西省,Scratch,73,73,0,55.917808219178085,32,0.0,0.4383561643835616
汕头市科技应用职业技术学校,广东省,C++,614,601,13,65.30655737704917,366,0.021172638436482084,0.6089850249584027
汕头市科技应用职业技术学校,广东省,Python,20,20,0,44.125,5,0.0,0.25
汕头市科技应用职业技术学校,广东省,Scratch,70,70,0,68.64285714285714,47,0.0,0.6714285714285714
汕头市青少年活动中心,广东省,C++,29,28,1,41.12068965517241,4,0.034482758620689655,0.14285714285714285
汕头市青少年活动中心,广东省,Python,1,1,0,32.0,0,0.0,0.0
汕头市青少年活动中心,广东省,Scratch,2,2,0,67.5,1,0.0,0.5
汕头金中华侨试验区学校,广东省,C++,74,74,0,62.391891891891895,41,0.0,0.5540540540540541
汕头金中华侨试验区学校,广东省,Python,4,4,0,33.125,0,0.0,0.0
汕头金中华侨试验区学校,广东省,Scratch,14,14,0,54.642857142857146,7,0.0,0.5
汕头金中南滨学校,广东省,C++,105,104,1,68.82380952380953,66,0.009523809523809525,0.6346153846153846
汕头金中南滨学校,广东省,Python,2,2,0,49.0,1,0.0,0.5
汕头金中南滨学校,广东省,Scratch,6,6,0,47.833333333333336,3,0.0,0.5
汕尾市城区凤山街道香洲小学,广东省,C++,20,20,0,70.025,13,0.0,0.65
汕尾市城区凤山街道香洲小学,广东省,Python,58,58,0,62.78448275862069,29,0.0,0.5
汕尾市城区凤山街道香洲小学,广东省,Scratch,16,15,1,36.0625,4,0.0625,0.26666666666666666
江苏师范大学,江苏省,C++,51,48,3,60.479166666666664,25,0.058823529411764705,0.5208333333333334
江苏师范大学,江苏省,Python,2,2,0,69.25,2,0.0,1.0
江苏海洋大学计算机工程学院,江苏省,C++,478,469,9,60.51995798319328,250,0.01882845188284519,0.5330490405117271
江苏海洋大学计算机工程学院,江苏省,Python,52,52,0,42.50961538461539,14,0.0,0.2692307692307692
江苏海洋大学计算机工程学院,江苏省,Scratch,131,130,1,65.45038167938931,93,0.007633587786259542,0.7153846153846154
江苏海洋大学计算机工程学院,,C++,1,1,0,52.5,0,0.0,0.0
江苏电子信息职业学院,江苏省,C++,139,137,2,58.85144927536232,68,0.014388489208633094,0.49635036496350365
江苏电子信息职业学院,江苏省,Python,2,2,0,33.0,0,0.0,0.0
江苏电子信息职业学院,江苏省,Scratch,13,13,0,65.38461538461539,10,0.0,0.7692307692307693
江苏省常熟中学,上海市,C++,1,0,1,0.0,0,1.0,
江苏省常熟中学,江苏省,C++,446,435,11,64.70112359550562,270,0.02466367713004484,0.6206896551724138
江苏省常熟中学,江苏省,Python,30,28,2,58.0,15,0.06666666666666667,0.5357142857142857
江苏省常熟中学,江苏省,Scratch,43,42,1,58.13953488372093,27,0.023255813953488372,0.6428571428571429
江苏省新海高级中学,江苏省,C++,139,139,0,82.3273381294964,123,0.0,0.8848920863309353
江苏省新海高级中学,江苏省,Python,40,40,0,68.0625,24,0.0,0.6
江苏省新海高级中学,江苏省,Scratch,127,127,0,65.88976377952756,90,0.0,0.7086614173228346
江苏省金湖中学,江苏省,C++,53,53,0,67.62264150943396,37,0.0,0.6981132075471698
江苏省金湖中学,江苏省,Python,5,5,0,32.2,0,0.0,0.0
江苏省金湖中学,江苏省,Scratch,6,6,0,67.83333333333333,4,0.0,0.6666666666666666
江苏省锡东高级中学,江苏省,C++,283,280,3,65.52473498233215,180,0.01060070671378092,0.6428571428571429
江苏省锡东高级中学,江苏省,Python,18,16,2,56.72222222222222,10,0.1111111111111111,0.625
江苏省锡东高级中学,江苏省,Scratch,11,10,1,54.0,4,0.09090909090909091,0.4
江苏省锡山高级中学,江苏省,C++,143,143,0,50.98951048951049,57,0.0,0.3986013986013986
江苏省锡山高级中学,江苏省,Python,19,18,1,38.3421052631579,3,0.05263157894736842,0.16666666666666666
江苏省锡山高级中学,江苏省,Scratch,129,124,5,51.945736434108525,50,0.03875968992248062,0.4032258064516129
江苏科技大学苏州理工学院,江苏省,C++,48,47,1,35.5625,5,0.020833333333333332,0.10638297872340426
江苏科技大学苏州理工学院,江苏省,Python,1,1,0,31.0,0,0.0,0.0
江苏科技大学苏州理工学院,江苏省,Scratch,2,2,0,73.0,1,0.0,0.5
江西师范大学数字产业学院（上饶）,江西省,C++,78,76,2,62.0,42,0.02564102564102564,0.5526315789473685
江西师范大学数字产业学院（上饶）,江西省,Python,43,43,0,51.36046511627907,17,0.0,0.3953488372093023
江西师范大学数字产业学院（上饶）,江西省,Scratch,131,131,0,61.55725190839695,74,0.0,0.5648854961832062
江阴初级中学,江苏省,C++,224,213,11,58.085585585585584,113,0.049107142857142856,0.5305164319248826
江阴初级中学,江苏省,Python,13,12,1,48.26923076923077,4,0.07692307692307693,0.3333333333333333
江阴初级中学,江苏省,Scratch,70,68,2,64.74285714285715,44,0.02857142857142857,0.6470588235294118
沈阳师范大学,内蒙古自治区,C++,11,10,1,56.90909090909091,6,0.09090909090909091,0.6
沈阳师范大学,内蒙古自治区,Scratch,1,0,1,,0,1.0,
沈阳师范大学,辽宁省,C++,1136,1101,35,61.27664298401421,611,0.030809859154929578,0.5549500454132607
沈阳师范大学,辽宁省,Python,28,27,1,49.767857142857146,12,0.03571428571428571,0.4444444444444444
沈阳师范大学,辽宁省,Scratch,158,154,4,60.993589743589745,87,0.02531645569620253,0.564935064935065
河北师范大学附属实验中学,北京市,C++,1,1,0,85.5,1,0.0,1.0
河北师范大学附属实验中学,河北省,C++,312,308,4,58.75806451612903,152,0.01282051282051282,0.4935064935064935
河北师范大学附属实验中学,河北省,Python,38,38,0,44.0,11,0.0,0.2894736842105263
河北师范大学附属实验中学,河北省,Scratch,82,81,1,63.74390243902439,54,0.012195121951219513,0.6666666666666666
河北科技大学信息科学与工程学院,河北省,C++,102,98,4,54.43,48,0.0392156862745098,0.4897959183673469
河北科技大学信息科学与工程学院,河北省,Python,2,2,0,75.5,1,0.0,0.5
河北科技大学信息科学与工程学院,河北省,Scratch,40,40,0,71.15,30,0.0,0.75
河北经贸大学,内蒙古自治区,C++,1,1,0,34.0,0,0.0,0.0
河北经贸大学,河北省,C++,56,56,0,41.035714285714285,8,0.0,0.14285714285714285
河北经贸大学,河北省,Python,2,2,0,31.0,0,0.0,0.0
河北经贸大学,河北省,Scratch,20,20,0,57.9,9,0.0,0.45
河南省第二实验中学,山西省,C++,1,1,0,90.0,1,0.0,1.0
河南省第二实验中学,河南省,C++,50,47,3,57.04255319148936,24,0.06,0.5106382978723404
河南省第二实验中学,河南省,Python,9,7,2,38.07142857142857,1,0.2222222222222222,0.14285714285714285
河南省第二实验中学,河南省,Scratch,9,9,0,72.66666666666667,6,0.0,0.6666666666666666
河源职业技术学院电子与信息工程学院,广东省,C++,88,86,2,60.90229885057471,49,0.022727272727272728,0.5697674418604651
河源职业技术学院电子与信息工程学院,广东省,Scratch,60,58,2,62.847457627118644,38,0.03333333333333333,0.6551724137931034
河源职业技术学院电子与信息工程学院,江西省,C++,1,1,0,91.5,1,0.0,1.0
泉州市实验小学,福建省,C++,450,445,5,62.04932735426009,263,0.011111111111111112,0.5910112359550562
泉州市实验小学,福建省,Python,7,7,0,34.285714285714285,1,0.0,0.14285714285714285
泉州市实验小学,福建省,Scratch,81,80,1,62.45,42,0.012345679012345678,0.525
泉州师范学院附属小学,福建省,C++,244,236,8,62.14549180327869,136,0.03278688524590164,0.576271186440678
泉州师范学院附属小学,福建省,Python,11,11,0,60.27272727272727,5,0.0,0.45454545454545453
泉州师范学院附属小学,福建省,Scratch,22,21,1,56.63636363636363,11,0.045454545454545456,0.5238095238095238
泉州师院第二附属小学,福建省,C++,29,28,1,39.01724137931034,5,0.034482758620689655,0.17857142857142858
泉州师院第二附属小学,福建省,Scratch,9,9,0,57.0,4,0.0,0.4444444444444444
泰州实验中学,江苏省,C++,352,345,7,61.25426136363637,197,0.019886363636363636,0.5710144927536231
泰州实验中学,江苏省,Python,2,2,0,29.5,0,0.0,0.0
泰州市凤凰小学教育集团洪泽湖路校区,江苏省,C++,54,53,1,67.99074074074075,37,0.018518518518518517,0.6981132075471698
泰州市凤凰小学教育集团洪泽湖路校区,江苏省,Scratch,1,1,0,40.0,0,0.0,0.0
洛阳理工学院计算机与信息工程学院,北京市,C++,1,1,0,77.5,1,0.0,1.0
洛阳理工学院计算机与信息工程学院,山西省,C++,1,1,0,28.0,0,0.0,0.0
洛阳理工学院计算机与信息工程学院,河南省,C++,162,158,4,57.191823899371066,75,0.024691358024691357,0.47468354430379744
洛阳理工学院计算机与信息工程学院,河南省,Python,26,26,0,54.92307692307692,12,0.0,0.46153846153846156
洛阳理工学院计算机与信息工程学院,河南省,Scratch,177,172,5,58.07386363636363,94,0.02824858757062147,0.5465116279069767
洛阳理工学院计算机与信息工程学院,陕西省,C++,1,1,0,69.5,1,0.0,1.0
洛阳理工学院计算机与信息工程学院,陕西省,Scratch,1,1,0,39.0,0,0.0,0.0
济南大学信息科学与工程学院,天津市,C++,1,1,0,39.0,0,0.0,0.0
济南大学信息科学与工程学院,山东省,C++,53,53,0,56.34905660377358,23,0.0,0.4339622641509434
济南大学信息科学与工程学院,山东省,Python,3,3,0,20.0,0,0.0,0.0
济南市历城区万象新天学校（东校/中学校区）,山东省,C++,824,802,22,62.99141104294478,471,0.02669902912621359,0.587281795511222
济南市历城区万象新天学校（东校/中学校区）,山东省,Python,19,19,0,43.44736842105263,5,0.0,0.2631578947368421
济南市历城区万象新天学校（东校/中学校区）,山东省,Scratch,33,33,0,63.15151515151515,21,0.0,0.6363636363636364
济南市历城区里仁学校,山东省,C++,118,116,2,62.09322033898305,64,0.01694915254237288,0.5517241379310345
济南市历城区里仁学校,山东省,Python,2,2,0,60.5,1,0.0,0.5
济南市历城区里仁学校,山东省,Scratch,5,5,0,61.0,3,0.0,0.6
济南市营市东街小学,山东省,C++,230,221,9,53.05434782608695,90,0.0391304347826087,0.4072398190045249
济南市营市东街小学,山东省,Scratch,8,7,1,51.75,4,0.125,0.5714285714285714
济宁学院附属高级中学,山东省,C++,269,260,9,69.1390977443609,174,0.03345724907063197,0.6692307692307692
济宁学院附属高级中学,山东省,Python,11,11,0,31.454545454545453,1,0.0,0.09090909090909091
济宁学院附属高级中学,山东省,Scratch,76,73,3,70.8157894736842,61,0.039473684210526314,0.8356164383561644
济宁市第一中学,山东省,C++,102,99,3,58.65841584158416,48,0.029411764705882353,0.48484848484848486
济宁市第一中学,山东省,Python,1,1,0,22.0,0,0.0,0.0
济宁市第一中学,山东省,Scratch,6,6,0,68.83333333333333,4,0.0,0.6666666666666666
浙大城市学院,上海市,C++,2,2,0,54.75,0,0.0,0.0
浙大城市学院,上海市,Scratch,1,1,0,80.0,1,0.0,1.0
浙大城市学院,安徽省,C++,1,1,0,92.0,1,0.0,1.0
浙大城市学院,山东省,C++,1,1,0,90.0,1,0.0,1.0
浙大城市学院,浙江省,C++,4003,3848,155,68.66968098467721,2737,0.0387209592805396,0.7112785862785863
浙大城市学院,浙江省,Python,98,89,9,48.848958333333336,35,0.09183673469387756,0.39325842696629215
浙大城市学院,浙江省,Scratch,169,162,7,59.625,84,0.04142011834319527,0.5185185185185185
浙江工商大学计算机科学与技术学院,浙江省,C++,596,581,15,67.37779690189329,376,0.025167785234899327,0.6471600688468159
浙江工商大学计算机科学与技术学院,浙江省,Python,9,9,0,67.5,7,0.0,0.7777777777777778
浙江工商大学计算机科学与技术学院,浙江省,Scratch,31,30,1,62.516129032258064,21,0.03225806451612903,0.7
浙江广厦建设职业技术大学,浙江省,C++,578,570,8,62.573913043478264,310,0.01384083044982699,0.543859649122807
浙江广厦建设职业技术大学,浙江省,Python,16,15,1,41.3,3,0.0625,0.2
浙江广厦建设职业技术大学,浙江省,Scratch,343,339,4,64.06997084548105,223,0.011661807580174927,0.6578171091445427
浙江省余姚中学,上海市,C++,1,1,0,30.5,0,0.0,0.0
浙江省余姚中学,浙江省,C++,1093,1069,24,61.27736890524379,587,0.021957913998170174,0.54911131898971
浙江省余姚中学,浙江省,Python,40,40,0,57.25,17,0.0,0.425
浙江省余姚中学,浙江省,Scratch,251,247,4,59.820717131474105,139,0.01593625498007968,0.562753036437247
浙江邮电技术职业技术学院考点,浙江省,C++,285,270,15,51.3,105,0.05263157894736842,0.3888888888888889
浙江邮电技术职业技术学院考点,浙江省,Python,2,2,0,21.0,0,0.0,0.0
浙江邮电技术职业技术学院考点,浙江省,Scratch,34,34,0,60.294117647058826,19,0.0,0.5588235294117647
浙江金华浙江师范大学,浙江省,C++,715,700,15,60.92987377279103,392,0.02097902097902098,0.56
浙江金华浙江师范大学,浙江省,Python,51,51,0,46.72549019607843,16,0.0,0.3137254901960784
浙江金华浙江师范大学,浙江省,Scratch,75,72,3,59.891891891891895,38,0.04,0.5277777777777778
海南中学,北京市,C++,1,1,0,82.0,1,0.0,1.0
海南中学,北京市,Scratch,1,1,0,52.0,0,0.0,0.0
海南中学,广东省,C++,5,5,0,70.1,4,0.0,0.8
海南中学,广东省,Python,5,5,0,36.9,0,0.0,0.0
海南中学,海南省,C++,814,778,36,65.50945775535939,496,0.044226044226044224,0.6375321336760925
海南中学,海南省,Python,50,49,1,42.09,11,0.02,0.22448979591836735
海南中学,海南省,Scratch,77,75,2,50.311688311688314,28,0.025974025974025976,0.37333333333333335
海南省农垦中学,海南省,C++,98,95,3,60.27368421052632,56,0.030612244897959183,0.5894736842105263
海南省农垦中学,海南省,Python,2,2,0,51.5,0,0.0,0.0
海口市第十一小学,海南省,C++,97,92,5,63.73913043478261,55,0.05154639175257732,0.5978260869565217
海口市第十一小学,海南省,Scratch,1,1,0,69.0,1,0.0,1.0
海安市海陵中学（本部）,江苏省,C++,333,329,4,64.94376899696049,201,0.012012012012012012,0.6109422492401215
海安市海陵中学（本部）,江苏省,Python,78,78,0,64.91666666666667,49,0.0,0.6282051282051282
海安市海陵中学（本部）,江苏省,Scratch,129,122,7,57.263565891472865,64,0.05426356589147287,0.5245901639344263
涟水县郑梁梅中学,江苏省,C++,15,15,0,37.13333333333333,2,0.0,0.13333333333333333
涟水县郑梁梅中学,江苏省,Scratch,1,1,0,32.0,0,0.0,0.0
淄博市张店区第八中学,北京市,C++,1,1,0,26.0,0,0.0,0.0
淄博市张店区第八中学,山东省,C++,263,262,1,61.58555133079848,147,0.0038022813688212928,0.5610687022900763
淄博市张店区第八中学,山东省,Python,28,28,0,48.267857142857146,6,0.0,0.21428571428571427
淄博市张店区第八中学,山东省,Scratch,21,21,0,62.57142857142857,14,0.0,0.6666666666666666
淮阴工学院,江苏省,C++,77,74,3,39.51948051948052,13,0.03896103896103896,0.17567567567567569
深圳市耀华实验学校,广东省,C++,866,820,46,67.92440476190477,552,0.053117782909930716,0.6731707317073171
深圳市耀华实验学校,广东省,Python,72,69,3,60.08571428571429,36,0.041666666666666664,0.5217391304347826
深圳市耀华实验学校,广东省,Scratch,62,61,1,67.33870967741936,48,0.016129032258064516,0.7868852459016393
深圳市耀华实验学校,河北省,C++,1,1,0,73.0,1,0.0,1.0
深圳市耀华实验学校,香港特别行政区,C++,11,9,2,60.94444444444444,4,0.18181818181818182,0.4444444444444444
深圳技术大学,广东省,C++,582,557,25,64.77933450087566,356,0.0429553264604811,0.6391382405745063
深圳技术大学,广东省,Python,54,51,3,45.5,12,0.05555555555555555,0.23529411764705882
深圳技术大学,广东省,Scratch,123,118,5,61.24390243902439,73,0.04065040650406504,0.6186440677966102
深圳技术大学,澳门特别行政区,C++,1,1,0,82.0,1,0.0,1.0
深圳技术大学,香港特别行政区,C++,3,3,0,57.5,1,0.0,0.3333333333333333
深圳技术大学,香港特别行政区,Scratch,1,1,0,55.0,0,0.0,0.0
深圳职业技术大学,广东省,C++,687,644,43,57.91220238095238,337,0.06259097525473072,0.5232919254658385
深圳职业技术大学,广东省,Python,86,79,7,49.48823529411764,34,0.08139534883720931,0.43037974683544306
深圳职业技术大学,广东省,Scratch,159,149,10,59.80503144654088,89,0.06289308176100629,0.5973154362416108
深圳职业技术大学,香港特别行政区,C++,13,12,1,62.666666666666664,7,0.07692307692307693,0.5833333333333334
深圳职业技术大学,香港特别行政区,Python,1,1,0,96.0,1,0.0,1.0
温岭市 太平小学,浙江省,C++,187,183,4,64.88440860215054,119,0.0213903743315508,0.6502732240437158
温岭市 太平小学,浙江省,Python,16,15,1,43.25,5,0.0625,0.3333333333333333
温岭市 太平小学,浙江省,Scratch,12,12,0,70.58333333333333,11,0.0,0.9166666666666666
温岭市 太平小学,温岭市,C++,1,1,0,61.5,1,0.0,1.0
温州大学,北京市,C++,1,1,0,82.0,1,0.0,1.0
温州大学,浙江省,C++,1888,1829,59,61.3683368869936,1018,0.03125,0.5565882996172772
温州大学,浙江省,Python,131,129,2,53.7557251908397,55,0.015267175572519083,0.4263565891472868
温州大学,浙江省,Scratch,341,333,8,60.29203539823009,184,0.02346041055718475,0.5525525525525525
温州大学,,Scratch,3,3,0,78.33333333333333,3,0.0,1.0
湖北大学,湖北省,C++,664,641,23,63.7351598173516,387,0.03463855421686747,0.6037441497659907
湖北大学,湖北省,Python,62,59,3,55.70967741935484,30,0.04838709677419355,0.5084745762711864
湖北大学,湖北省,Scratch,294,288,6,63.986301369863014,186,0.02040816326530612,0.6458333333333334
湖北文理学院CCF-GESP考点,河南省,C++,1,1,0,30.0,0,0.0,0.0
湖北文理学院CCF-GESP考点,湖北省,C++,64,62,2,51.404761904761905,22,0.03125,0.3548387096774194
湖北文理学院CCF-GESP考点,湖北省,Python,12,12,0,38.875,2,0.0,0.16666666666666666
湖北文理学院CCF-GESP考点,湖北省,Scratch,17,17,0,72.3529411764706,12,0.0,0.7058823529411765
湖北第二师范学院,北京市,C++,1,1,0,41.0,0,0.0,0.0
湖北第二师范学院,湖北省,C++,717,701,16,61.06258790436006,396,0.022315202231520222,0.5649072753209701
湖北第二师范学院,湖北省,Python,142,137,5,51.82374100719424,54,0.035211267605633804,0.39416058394160586
湖北第二师范学院,湖北省,Scratch,498,484,14,62.44602851323829,293,0.028112449799196786,0.6053719008264463
湖南师范大学,北京市,C++,3,3,0,42.666666666666664,1,0.0,0.3333333333333333
湖南师范大学,江西省,C++,1,1,0,30.0,0,0.0,0.0
湖南师范大学,江西省,Python,2,2,0,50.5,1,0.0,0.5
湖南师范大学,江西省,Scratch,3,3,0,47.333333333333336,1,0.0,0.3333333333333333
湖南师范大学,湖南省,C++,1150,1116,34,61.06842105263158,628,0.029565217391304348,0.5627240143369175
湖南师范大学,湖南省,Python,98,94,4,42.21938775510204,25,0.04081632653061224,0.26595744680851063
湖南师范大学,湖南省,Scratch,198,195,3,56.25757575757576,91,0.015151515151515152,0.4666666666666667
湖南理工学院,湖南省,C++,11,11,0,52.45454545454545,4,0.0,0.36363636363636365
湖南理工学院,湖南省,Scratch,12,12,0,61.25,7,0.0,0.5833333333333334
湖南科技学院理学院,湖南省,C++,28,27,1,62.732142857142854,17,0.03571428571428571,0.6296296296296297
湖南科技学院理学院,湖南省,Scratch,14,13,1,54.57142857142857,7,0.07142857142857142,0.5384615384615384
湖州交通技师学院,安徽省,C++,1,1,0,90.0,1,0.0,1.0
湖州交通技师学院,安徽省,Scratch,1,1,0,78.0,1,0.0,1.0
湖州交通技师学院,浙江省,C++,195,189,6,60.58717948717949,107,0.03076923076923077,0.5661375661375662
湖州交通技师学院,浙江省,Python,15,15,0,62.833333333333336,8,0.0,0.5333333333333333
湖州交通技师学院,浙江省,Scratch,17,16,1,60.529411764705884,11,0.058823529411764705,0.6875
湖州市南太湖双语学校,安徽省,C++,1,1,0,65.5,1,0.0,1.0
湖州市南太湖双语学校,浙江省,C++,92,91,1,62.30769230769231,51,0.010869565217391304,0.5604395604395604
湖州市南太湖双语学校,浙江省,Python,7,6,1,64.58333333333333,4,0.14285714285714285,0.6666666666666666
湖州市南太湖双语学校,浙江省,Scratch,4,4,0,72.25,4,0.0,1.0
湖州职业技术学院（旧）,浙江省,C++,58,58,0,40.3448275862069,7,0.0,0.1206896551724138
湖州职业技术学院（旧）,浙江省,Python,6,6,0,31.5,1,0.0,0.16666666666666666
湖州职业技术学院（旧）,浙江省,Scratch,6,6,0,57.5,3,0.0,0.5
潍坊学院,山东省,C++,981,966,15,62.64227226202661,533,0.01529051987767584,0.55175983436853
潍坊学院,山东省,Python,36,34,2,56.371428571428574,17,0.05555555555555555,0.5
潍坊学院,山东省,Scratch,43,43,0,65.79069767441861,26,0.0,0.6046511627906976
潍坊新纪元学校,山东省,C++,50,50,0,67.18,30,0.0,0.6
潍坊新纪元学校,山东省,Python,5,5,0,34.9,0,0.0,0.0
澳門培正中學,澳门特别行政区,C++,66,63,3,67.75,43,0.045454545454545456,0.6825396825396826
澳門培正中學,澳门特别行政区,Python,14,14,0,75.92857142857143,10,0.0,0.7142857142857143
烟台大学,山东省,C++,334,324,10,70.61009174311927,224,0.029940119760479042,0.691358024691358
烟台大学,山东省,Python,8,8,0,66.25,6,0.0,0.75
烟台大学,山东省,Scratch,9,8,1,54.44444444444444,5,0.1111111111111111,0.625
焦作市第一中学,山西省,C++,2,1,1,36.75,1,0.5,1.0
焦作市第一中学,河南省,C++,87,85,2,59.01149425287356,40,0.022988505747126436,0.47058823529411764
焦作市第一中学,河南省,Scratch,18,18,0,77.61111111111111,15,0.0,0.8333333333333334
玉林市第一中学,广东省,C++,3,2,1,26.666666666666668,0,0.3333333333333333,0.0
玉林市第一中学,广东省,Scratch,1,1,0,89.0,1,0.0,1.0
玉林市第一中学,广西壮族自治区,C++,48,46,2,56.302083333333336,24,0.041666666666666664,0.5217391304347826
玉林市第一中学,广西壮族自治区,Python,13,13,0,61.19230769230769,7,0.0,0.5384615384615384
电子科技大学实验中学,四川省,C++,976,916,60,60.829015544041454,541,0.06147540983606557,0.5906113537117904
电子科技大学实验中学,四川省,Python,50,49,1,56.19,21,0.02,0.42857142857142855
电子科技大学实验中学,四川省,Scratch,93,88,5,60.29032258064516,61,0.053763440860215055,0.6931818181818182
电子科技大学实验中学,贵州省,Python,1,1,0,36.0,0,0.0,0.0
盐城师范学院,上海市,Scratch,1,1,0,40.0,0,0.0,0.0
盐城师范学院,江苏省,C++,274,267,7,56.21003717472119,124,0.025547445255474453,0.46441947565543074
盐城师范学院,江苏省,Python,36,36,0,38.958333333333336,7,0.0,0.19444444444444445
盐城师范学院,江苏省,Scratch,66,59,7,65.36507936507937,44,0.10606060606060606,0.7457627118644068
石家庄西苑小学,河北省,C++,367,360,7,61.71525885558583,205,0.01907356948228883,0.5694444444444444
石家庄西苑小学,河北省,Python,10,9,1,40.45,2,0.1,0.2222222222222222
石家庄西苑小学,河北省,Scratch,16,15,1,54.5625,7,0.0625,0.4666666666666667
福安市第一中学,福建省,C++,20,19,1,64.0,12,0.05,0.631578947368421
福安市第一中学,福建省,Python,1,1,0,79.5,1,0.0,1.0
福安市第一中学,福建省,Scratch,9,9,0,45.666666666666664,2,0.0,0.2222222222222222
福州市阳光实验学校,福建省,C++,87,85,2,61.34705882352941,47,0.022988505747126436,0.5529411764705883
福州市阳光实验学校,福建省,Python,4,4,0,33.0,1,0.0,0.25
福州市阳光实验学校,福建省,Scratch,6,6,0,73.0,6,0.0,1.0
福州第八中学,福建省,C++,387,368,19,56.31496062992126,177,0.04909560723514212,0.48097826086956524
福州第八中学,福建省,Python,2,2,0,59.0,1,0.0,0.5
福州第八中学,福建省,Scratch,5,5,0,57.0,3,0.0,0.6
福建师范大学计算机与网络空间安全学院,福建省,C++,467,436,31,62.67400881057269,267,0.06638115631691649,0.6123853211009175
福建师范大学计算机与网络空间安全学院,福建省,Python,14,11,3,25.464285714285715,1,0.21428571428571427,0.09090909090909091
福建师范大学计算机与网络空间安全学院,福建省,Scratch,42,41,1,60.609756097560975,20,0.023809523809523808,0.4878048780487805
福建师范大学附属中学,福建省,C++,561,541,20,61.04783393501805,295,0.035650623885918005,0.5452865064695009
福建师范大学附属中学,福建省,Python,16,16,0,49.375,7,0.0,0.4375
福建师范大学附属中学,福建省,Scratch,18,17,1,63.388888888888886,12,0.05555555555555555,0.7058823529411765
福建省德化第六中学,福建省,C++,15,15,0,53.36666666666667,6,0.0,0.4
福建省泉州市第七中学江南校区,福建省,C++,226,222,4,64.07300884955752,121,0.017699115044247787,0.545045045045045
福建省泉州市第七中学江南校区,福建省,Python,3,3,0,62.0,2,0.0,0.6666666666666666
福建省泉州市第七中学江南校区,福建省,Scratch,6,5,1,60.333333333333336,4,0.16666666666666666,0.8
福建省泉州第一中学（东海校区）,福建省,C++,75,75,0,44.666666666666664,20,0.0,0.26666666666666666
福建省泉州第一中学（东海校区）,福建省,Python,1,1,0,32.5,0,0.0,0.0
福建省泉州第一中学（东海校区）,福建省,Scratch,1,1,0,57.0,0,0.0,0.0
福建省福州第三中学,福建省,C++,106,97,9,54.60849056603774,52,0.08490566037735849,0.5360824742268041
福建省福州第三中学,福建省,Python,2,2,0,54.0,1,0.0,0.5
福建省福州第三中学,福建省,Scratch,2,2,0,60.0,1,0.0,0.5
福建省福州第十八中学,福建省,C++,308,295,13,66.69967532467533,196,0.04220779220779221,0.6644067796610169
福建省福州第十八中学,福建省,Python,16,15,1,48.0,5,0.0625,0.3333333333333333
福建省福州第十八中学,福建省,Scratch,10,10,0,69.7,8,0.0,0.8
绍兴市上虞区上德实验小学,浙江省,C++,168,166,2,63.08132530120482,95,0.011904761904761904,0.572289156626506
绍兴市上虞区上德实验小学,浙江省,Scratch,27,27,0,62.48148148148148,14,0.0,0.5185185185185185
绍兴市上虞区百官小学,浙江省,C++,191,189,2,65.64921465968587,122,0.010471204188481676,0.6455026455026455
绍兴市上虞区百官小学,浙江省,Scratch,3,2,1,19.333333333333332,0,0.3333333333333333,0.0
绍兴职业技术学院,山东省,C++,3,3,0,88.66666666666667,3,0.0,1.0
绍兴职业技术学院,浙江省,C++,315,307,8,69.516077170418,221,0.025396825396825397,0.7198697068403909
绍兴职业技术学院,浙江省,Python,3,2,1,35.166666666666664,1,0.3333333333333333,0.5
绍兴职业技术学院,浙江省,Scratch,9,9,0,65.22222222222223,6,0.0,0.6666666666666666
肥城市第一高级中学,山东省,C++,76,75,1,62.04,43,0.013157894736842105,0.5733333333333334
肥城市第一高级中学,山东省,Python,9,7,2,41.625,3,0.2222222222222222,0.42857142857142855
芷江侗族自治县第一中学,湖南省,C++,23,22,1,59.108695652173914,13,0.043478260869565216,0.5909090909090909
芷江侗族自治县第一中学,湖南省,Python,1,1,0,61.0,1,0.0,1.0
芷江侗族自治县第一中学,贵州省,C++,1,1,0,61.5,1,0.0,1.0
苏州外国语学校,上海市,C++,2,2,0,87.5,2,0.0,1.0
苏州外国语学校,江苏省,C++,557,529,28,62.21687840290381,314,0.05026929982046679,0.5935727788279773
苏州外国语学校,江苏省,Python,14,12,2,52.53846153846154,5,0.14285714285714285,0.4166666666666667
苏州外国语学校,江苏省,Scratch,22,22,0,65.81818181818181,12,0.0,0.5454545454545454
苏州大学本部校区,上海市,C++,1,1,0,20.0,0,0.0,0.0
苏州大学本部校区,江苏省,C++,189,185,4,59.81481481481482,102,0.021164021164021163,0.5513513513513514
苏州大学本部校区,江苏省,Python,22,21,1,50.93181818181818,9,0.045454545454545456,0.42857142857142855
苏州大学本部校区,江苏省,Scratch,9,9,0,52.22222222222222,5,0.0,0.5555555555555556
苏州大学本部校区,江西省,C++,1,1,0,26.0,0,0.0,0.0
苏州工业园区工业技术学校,江苏省,C++,114,104,10,47.39912280701754,31,0.08771929824561403,0.2980769230769231
苏州工业园区工业技术学校,江苏省,Python,9,7,2,42.888888888888886,4,0.2222222222222222,0.5714285714285714
苏州工业园区工业技术学校,江苏省,Scratch,4,3,1,27.75,0,0.25,0.0
苏州工业园区星海实验初级中学,江苏省,Scratch,6,5,1,38.833333333333336,2,0.16666666666666666,0.4
苏州工业园区景城学校,江苏省,C++,545,529,16,64.8929889298893,329,0.029357798165137616,0.6219281663516069
苏州工业园区景城学校,江苏省,Python,28,26,2,57.18518518518518,13,0.07142857142857142,0.5
苏州工业园区景城学校,江苏省,Scratch,12,12,0,65.41666666666667,9,0.0,0.75
苏州工业园区景城学校,浙江省,C++,2,2,0,29.75,0,0.0,0.0
苏州市吴江区坛丘小学,上海市,C++,1,1,0,88.0,1,0.0,1.0
苏州市吴江区坛丘小学,江苏省,C++,97,95,2,43.208333333333336,25,0.020618556701030927,0.2631578947368421
苏州市吴江区坛丘小学,江苏省,Python,36,31,5,26.180555555555557,3,0.1388888888888889,0.0967741935483871
苏州市吴江区坛丘小学,江苏省,Scratch,44,43,1,58.90909090909091,23,0.022727272727272728,0.5348837209302325
苏州市吴江区实验初级中学,上海市,C++,2,2,0,75.25,2,0.0,1.0
苏州市吴江区实验初级中学,上海市,Python,2,2,0,52.25,1,0.0,0.5
苏州市吴江区实验初级中学,江苏省,C++,1494,1435,59,58.25134589502019,751,0.039491298527443104,0.5233449477351917
苏州市吴江区实验初级中学,江苏省,Python,69,66,3,55.544117647058826,30,0.043478260869565216,0.45454545454545453
苏州市吴江区实验初级中学,江苏省,Scratch,95,92,3,57.92631578947368,50,0.031578947368421054,0.5434782608695652
苏州市吴江区盛泽二中学,江苏省,C++,464,447,17,62.49891540130152,264,0.036637931034482756,0.5906040268456376
苏州市吴江区盛泽二中学,江苏省,Python,4,4,0,48.75,1,0.0,0.25
苏州市吴江区盛泽二中学,江苏省,Scratch,51,48,3,55.509803921568626,28,0.058823529411764705,0.5833333333333334
苏州市梓义实验小学校,上海市,C++,2,2,0,53.0,1,0.0,0.5
苏州市梓义实验小学校,江苏省,C++,439,403,36,61.5735632183908,254,0.08200455580865604,0.630272952853598
苏州市梓义实验小学校,江苏省,Python,23,22,1,60.91304347826087,12,0.043478260869565216,0.5454545454545454
苏州市梓义实验小学校,江苏省,Scratch,21,19,2,50.523809523809526,9,0.09523809523809523,0.47368421052631576
苏州科技城外国语学校,上海市,C++,6,6,0,70.41666666666667,5,0.0,0.8333333333333334
苏州科技城外国语学校,江苏省,C++,495,466,29,61.40182186234818,273,0.05858585858585859,0.5858369098712446
苏州科技城外国语学校,江苏省,Python,95,93,2,50.97894736842105,34,0.021052631578947368,0.3655913978494624
苏州科技城外国语学校,江苏省,Scratch,49,43,6,48.89795918367347,22,0.12244897959183673,0.5116279069767442
苏州科技大学电子与信息工程学院,上海市,C++,2,2,0,91.0,2,0.0,1.0
苏州科技大学电子与信息工程学院,江苏省,C++,269,255,14,61.3984962406015,154,0.05204460966542751,0.6039215686274509
苏州科技大学电子与信息工程学院,江苏省,Python,16,14,2,52.71875,6,0.125,0.42857142857142855
苏州科技大学电子与信息工程学院,江苏省,Scratch,11,10,1,59.2,3,0.09090909090909091,0.3
苏州高新区实验初级中学,江苏省,C++,434,409,25,57.27777777777778,230,0.0576036866359447,0.5623471882640587
苏州高新区实验初级中学,江苏省,Python,31,29,2,55.189655172413794,12,0.06451612903225806,0.41379310344827586
苏州高新区实验初级中学,江苏省,Scratch,16,14,2,50.8125,5,0.125,0.35714285714285715
莆田第一中学,福建省,C++,131,124,7,63.78174603174603,73,0.05343511450381679,0.5887096774193549
莆田第一中学,福建省,Scratch,15,13,2,46.142857142857146,2,0.13333333333333333,0.15384615384615385
蒙自市第一高级中学,云南省,C++,126,120,6,56.8531746031746,61,0.047619047619047616,0.5083333333333333
蒙自市第一高级中学,云南省,Python,15,15,0,44.03333333333333,5,0.0,0.3333333333333333
蒙自市第一高级中学,云南省,Scratch,17,17,0,58.88235294117647,8,0.0,0.47058823529411764
衡阳市珠晖区英发学校,湖南省,C++,111,106,5,66.95,68,0.04504504504504504,0.6415094339622641
衡阳市珠晖区英发学校,湖南省,Python,20,19,1,47.575,6,0.05,0.3157894736842105
衡阳市珠晖区英发学校,湖南省,Scratch,7,7,0,62.57142857142857,4,0.0,0.5714285714285714
衢州市白云学校,浙江省,C++,81,80,1,62.166666666666664,47,0.012345679012345678,0.5875
衢州市白云学校,浙江省,Python,6,5,1,41.416666666666664,2,0.16666666666666666,0.4
衢州市白云学校,浙江省,Scratch,39,38,1,64.5,22,0.02564102564102564,0.5789473684210527
西北农林科技大学（杨凌示范区西农考点）,陕西省,C++,18,16,2,56.30555555555556,11,0.1111111111111111,0.6875
西北农林科技大学（杨凌示范区西农考点）,陕西省,Scratch,10,10,0,62.6,6,0.0,0.6
西华大学,四川省,C++,3460,3312,148,65.2707359813084,2154,0.04277456647398844,0.6503623188405797
西华大学,四川省,Python,157,150,7,43.46496815286624,43,0.044585987261146494,0.2866666666666667
西华大学,四川省,Scratch,482,460,22,57.45322245322245,249,0.04564315352697095,0.5413043478260869
西华大学,安徽省,C++,1,1,0,61.0,1,0.0,1.0
西华大学,重庆市,C++,1,1,0,87.0,1,0.0,1.0
西华师范大学,四川省,C++,132,130,2,66.46923076923076,83,0.015151515151515152,0.6384615384615384
西华师范大学,四川省,Python,1,1,0,47.0,0,0.0,0.0
西华师范大学,四川省,Scratch,48,47,1,74.4375,43,0.020833333333333332,0.9148936170212766
西南大学三亚中学,北京市,C++,1,0,1,,0,1.0,
西南大学三亚中学,海南省,C++,101,97,4,52.077319587628864,40,0.039603960396039604,0.41237113402061853
西南大学三亚中学,海南省,Python,10,10,0,31.4,1,0.0,0.1
西南大学三亚中学,海南省,Scratch,23,21,2,52.17391304347826,11,0.08695652173913043,0.5238095238095238
西南民族大学,四川省,C++,402,394,8,46.13308457711443,116,0.01990049751243781,0.29441624365482233
西南民族大学,四川省,Python,9,9,0,24.72222222222222,0,0.0,0.0
西南民族大学,四川省,Scratch,20,19,1,50.45,7,0.05,0.3684210526315789
西南科技大学,四川省,C++,362,356,6,63.719613259668506,218,0.016574585635359115,0.6123595505617978
西南科技大学,四川省,Python,25,24,1,63.46,15,0.04,0.625
西南科技大学,四川省,Scratch,62,62,0,60.693548387096776,36,0.0,0.5806451612903226
西南科技大学,甘肃省,Python,2,2,0,74.5,2,0.0,1.0
西安交通大学,山西省,C++,2,2,0,24.25,0,0.0,0.0
西安交通大学,甘肃省,C++,7,7,0,64.78571428571429,5,0.0,0.7142857142857143
西安交通大学,陕西省,C++,505,495,10,59.829,269,0.019801980198019802,0.5434343434343434
西安交通大学,陕西省,Python,35,35,0,57.84285714285714,20,0.0,0.5714285714285714
西安交通大学,陕西省,Scratch,26,24,2,53.32,11,0.07692307692307693,0.4583333333333333
西安交通大学,青海省,C++,1,1,0,92.0,1,0.0,1.0
西安交通大学,青海省,Python,1,1,0,16.0,0,0.0,0.0
西安市曲江第一学校,北京市,Scratch,1,1,0,20.0,0,0.0,0.0
西安市曲江第一学校,甘肃省,C++,3,3,0,52.333333333333336,1,0.0,0.3333333333333333
西安市曲江第一学校,陕西省,C++,466,443,23,60.23684210526316,254,0.04935622317596566,0.5733634311512416
西安市曲江第一学校,陕西省,Python,16,16,0,50.6875,6,0.0,0.375
西安市曲江第一学校,陕西省,Scratch,57,52,5,51.232142857142854,23,0.08771929824561403,0.4423076923076923
西安理工大学,内蒙古自治区,C++,1,1,0,32.0,0,0.0,0.0
西安理工大学,宁夏回族自治区,C++,1,1,0,0.0,0,0.0,0.0
西安理工大学,河南省,C++,8,8,0,55.75,3,0.0,0.375
西安理工大学,甘肃省,C++,4,4,0,45.25,2,0.0,0.5
西安理工大学,陕西省,C++,218,209,9,55.75917431192661,103,0.04128440366972477,0.49282296650717705
西安理工大学,陕西省,Python,3,3,0,46.0,1,0.0,0.3333333333333333
西安理工大学,陕西省,Scratch,45,43,2,50.04545454545455,14,0.044444444444444446,0.32558139534883723
西安高新第一中学,陕西省,C++,213,198,15,61.04326923076923,112,0.07042253521126761,0.5656565656565656
西安高新第一中学,陕西省,Python,4,4,0,50.875,1,0.0,0.25
西安高新第一中学,陕西省,Scratch,4,4,0,87.75,4,0.0,1.0
象山县文峰学校,上海市,C++,1,1,0,30.0,0,0.0,0.0
象山县文峰学校,浙江省,C++,203,198,5,45.775862068965516,58,0.024630541871921183,0.29292929292929293
象山县文峰学校,浙江省,Python,14,14,0,31.357142857142858,0,0.0,0.0
象山县文峰学校,浙江省,Scratch,179,174,5,52.960893854748605,69,0.027932960893854747,0.39655172413793105
贵州交通职业技术学院阳关校区,贵州省,C++,175,163,12,50.13428571428572,65,0.06857142857142857,0.3987730061349693
贵州交通职业技术学院阳关校区,贵州省,Python,7,5,2,32.92857142857143,1,0.2857142857142857,0.2
贵州交通职业技术学院阳关校区,贵州省,Scratch,6,6,0,39.333333333333336,1,0.0,0.16666666666666666
贵州大学,贵州省,C++,73,71,2,72.93150684931507,54,0.0273972602739726,0.7605633802816901
贵州大学,贵州省,Python,4,4,0,72.0,3,0.0,0.75
贵州大学,贵州省,Scratch,6,6,0,45.833333333333336,2,0.0,0.3333333333333333
贵州师范学院,贵州省,C++,520,491,29,58.290927021696255,253,0.05576923076923077,0.515274949083503
贵州师范学院,贵州省,Python,5,5,0,30.2,0,0.0,0.0
贵州师范学院,贵州省,Scratch,7,7,0,54.857142857142854,3,0.0,0.42857142857142855
贵阳市实验小学,贵州省,C++,67,66,1,57.417910447761194,35,0.014925373134328358,0.5303030303030303
贵阳市实验小学,贵州省,Python,29,29,0,30.379310344827587,2,0.0,0.06896551724137931
贵阳市实验小学,贵州省,Scratch,11,10,1,50.27272727272727,6,0.09090909090909091,0.6
贵阳市第三中学,贵州省,C++,132,125,7,53.92045454545455,56,0.05303030303030303,0.448
贵阳市第三中学,贵州省,Python,4,4,0,52.5,2,0.0,0.5
贵阳市第三中学,贵州省,Scratch,2,2,0,25.0,0,0.0,0.0
运城市康杰中学,山西省,C++,85,83,2,61.088235294117645,46,0.023529411764705882,0.5542168674698795
运城市康杰中学,山西省,Python,31,30,1,55.24193548387097,15,0.03225806451612903,0.5
运城市康杰中学,山西省,Scratch,62,61,1,68.74193548387096,47,0.016129032258064516,0.7704918032786885
通化师范学院,吉林省,C++,116,116,0,61.4698275862069,63,0.0,0.5431034482758621
通化师范学院,吉林省,Python,2,2,0,37.5,0,0.0,0.0
通化师范学院,吉林省,Scratch,6,6,0,53.5,3,0.0,0.5
通山县迎宾路小学,湖北省,Scratch,71,70,1,46.83098591549296,26,0.014084507042253521,0.37142857142857144
通辽市科尔沁区铁路第一小学,内蒙古自治区,C++,17,17,0,74.29411764705883,15,0.0,0.8823529411764706
邢台市第二十五中学,山东省,C++,2,2,0,60.25,1,0.0,0.5
邢台市第二十五中学,河北省,C++,151,150,1,64.6523178807947,86,0.006622516556291391,0.5733333333333334
邢台市第二十五中学,河北省,Python,12,12,0,46.291666666666664,5,0.0,0.4166666666666667
邢台市第二十五中学,河北省,Scratch,24,23,1,76.08333333333333,22,0.041666666666666664,0.9565217391304348
邯郸市邯山区南关小学,河北省,C++,49,46,3,62.93877551020408,31,0.061224489795918366,0.6739130434782609
邯郸市邯山区南关小学,河北省,Python,4,4,0,58.0,2,0.0,0.5
邯郸市邯山区南关小学,河北省,Scratch,1,1,0,42.0,0,0.0,0.0
邻水正大实验学校,四川省,C++,46,42,4,48.75,17,0.08695652173913043,0.40476190476190477
邻水正大实验学校,四川省,Python,8,8,0,24.6875,0,0.0,0.0
邻水正大实验学校,四川省,Scratch,47,47,0,66.06382978723404,33,0.0,0.7021276595744681
郑州中学,河南省,C++,73,73,0,61.636986301369866,40,0.0,0.547945205479452
郑州中学,河南省,Python,11,11,0,51.90909090909091,3,0.0,0.2727272727272727
郑州中学,河南省,Scratch,16,16,0,68.1875,11,0.0,0.6875
郑州市第五十七中学,内蒙古自治区,C++,1,1,0,26.0,0,0.0,0.0
郑州市第五十七中学,山西省,C++,10,10,0,79.85,9,0.0,0.9
郑州市第五十七中学,河南省,C++,274,267,7,64.54945054945055,170,0.025547445255474453,0.6367041198501873
郑州市第五十七中学,河南省,Python,14,14,0,59.17857142857143,6,0.0,0.42857142857142855
郑州市第五十七中学,河南省,Scratch,39,39,0,56.46153846153846,22,0.0,0.5641025641025641
郑州市第八中学,山西省,C++,6,6,0,63.833333333333336,5,0.0,0.8333333333333334
郑州市第八中学,河南省,C++,189,180,9,64.53457446808511,115,0.047619047619047616,0.6388888888888888
郑州市第八中学,河南省,Python,6,6,0,30.666666666666668,0,0.0,0.0
郑州市第八中学,河南省,Scratch,39,39,0,59.666666666666664,20,0.0,0.5128205128205128
郑州市第十一中学,河南省,C++,154,150,4,63.046052631578945,88,0.025974025974025976,0.5866666666666667
郑州市第十一中学,河南省,Python,17,17,0,46.73529411764706,6,0.0,0.35294117647058826
郑州市第十一中学,河南省,Scratch,47,43,4,61.44444444444444,28,0.0851063829787234,0.6511627906976745
郑州市第四高级中学,山西省,C++,10,10,0,83.55,9,0.0,0.9
郑州市第四高级中学,山西省,Python,2,2,0,60.75,1,0.0,0.5
郑州市第四高级中学,山西省,Scratch,1,1,0,54.0,0,0.0,0.0
郑州市第四高级中学,河南省,C++,389,379,10,62.67054263565891,226,0.02570694087403599,0.5963060686015831
郑州市第四高级中学,河南省,Python,34,33,1,52.51470588235294,10,0.029411764705882353,0.30303030303030304
郑州市第四高级中学,河南省,Scratch,125,123,2,65.976,88,0.016,0.7154471544715447
郑州经济技术开发区实验中学,河南省,C++,346,338,8,64.21159420289855,196,0.023121387283236993,0.5798816568047337
郑州经济技术开发区实验中学,河南省,Python,21,21,0,52.26190476190476,6,0.0,0.2857142857142857
郑州经济技术开发区实验中学,河南省,Scratch,68,67,1,65.97058823529412,43,0.014705882352941176,0.6417910447761194
郑州轻工业大学,河南省,C++,19,19,0,57.5,11,0.0,0.5789473684210527
郑州轻工业大学,河南省,Scratch,7,7,0,81.85714285714286,7,0.0,1.0
鄂尔多斯市东胜区万佳小学,内蒙古自治区,C++,65,62,3,43.41538461538462,23,0.046153846153846156,0.3709677419354839
鄂尔多斯市东胜区万佳小学,内蒙古自治区,Python,15,15,0,41.666666666666664,2,0.0,0.13333333333333333
鄂尔多斯市东胜区万佳小学,内蒙古自治区,Scratch,9,8,1,61.44444444444444,5,0.1111111111111111,0.625
鄂尔多斯市东胜区万佳小学,陕西省,Python,2,2,0,35.25,0,0.0,0.0
鄂尔多斯市东胜区万佳小学,陕西省,Scratch,8,8,0,78.125,7,0.0,0.875
重庆八中宏帆中学,重庆市,C++,175,170,5,58.70882352941177,88,0.02857142857142857,0.5176470588235295
重庆八中宏帆中学,重庆市,Python,3,2,1,35.75,0,0.3333333333333333,0.0
重庆八中宏帆中学,重庆市,Scratch,21,20,1,66.14285714285714,16,0.047619047619047616,0.8
重庆南城巴川学校,四川省,C++,1,1,0,78.0,1,0.0,1.0
重庆南城巴川学校,重庆市,C++,243,235,8,59.23868312757202,129,0.03292181069958848,0.548936170212766
重庆南城巴川学校,重庆市,Python,5,5,0,31.7,0,0.0,0.0
重庆南城巴川学校,重庆市,Scratch,92,91,1,62.26086956521739,60,0.010869565217391304,0.6593406593406593
重庆大学计算机学院,四川省,C++,1,1,0,49.5,0,0.0,0.0
重庆大学计算机学院,重庆市,C++,418,410,8,56.88822115384615,197,0.019138755980861243,0.48048780487804876
重庆大学计算机学院,重庆市,Python,12,12,0,52.416666666666664,6,0.0,0.5
重庆大学计算机学院,重庆市,Scratch,47,46,1,63.108695652173914,30,0.02127659574468085,0.6521739130434783
重庆市大学城第一中学校,四川省,C++,5,5,0,80.9,4,0.0,0.8
重庆市大学城第一中学校,四川省,Scratch,2,2,0,71.0,1,0.0,0.5
重庆市大学城第一中学校,贵州省,C++,2,2,0,57.0,1,0.0,0.5
重庆市大学城第一中学校,重庆市,C++,995,966,29,62.963562753036435,573,0.02914572864321608,0.593167701863354
重庆市大学城第一中学校,重庆市,Python,16,14,2,41.86666666666667,2,0.125,0.14285714285714285
重庆市大学城第一中学校,重庆市,Scratch,219,217,2,58.788990825688074,112,0.0091324200913242,0.5161290322580645
重庆市礼嘉中学,四川省,C++,1,1,0,26.5,0,0.0,0.0
重庆市礼嘉中学,渝北区,Scratch,1,1,0,18.0,0,0.0,0.0
重庆市礼嘉中学,贵州省,C++,2,2,0,69.5,1,0.0,0.5
重庆市礼嘉中学,重庆市,C++,653,631,22,64.10481366459628,385,0.033690658499234305,0.6101426307448494
重庆市礼嘉中学,重庆市,Python,11,11,0,39.18181818181818,2,0.0,0.18181818181818182
重庆市礼嘉中学,重庆市,Scratch,161,152,9,58.08074534161491,88,0.055900621118012424,0.5789473684210527
重庆市第三十七中学校,贵州省,C++,1,1,0,16.0,0,0.0,0.0
重庆市第三十七中学校,重庆市,C++,148,148,0,61.23986486486486,85,0.0,0.5743243243243243
重庆市第三十七中学校,重庆市,Python,9,9,0,42.111111111111114,2,0.0,0.2222222222222222
重庆市第三十七中学校,重庆市,Scratch,15,15,0,70.93333333333334,11,0.0,0.7333333333333333
重庆市第二十九中学,四川省,C++,5,5,0,57.2,2,0.0,0.4
重庆市第二十九中学,四川省,Python,1,1,0,67.0,1,0.0,1.0
重庆市第二十九中学,四川省,Scratch,1,1,0,14.0,0,0.0,0.0
重庆市第二十九中学,贵州省,C++,1,1,0,96.0,1,0.0,1.0
重庆市第二十九中学,重庆市,C++,475,466,9,65.81063829787234,297,0.018947368421052633,0.6373390557939914
重庆市第二十九中学,重庆市,Python,19,19,0,44.86842105263158,4,0.0,0.21052631578947367
重庆市第二十九中学,重庆市,Scratch,74,72,2,67.10810810810811,54,0.02702702702702703,0.75
重庆市第十一中学校,四川省,C++,4,4,0,67.25,2,0.0,0.5
重庆市第十一中学校,重庆市,C++,758,753,5,57.92098273572377,371,0.006596306068601583,0.49269588313413015
重庆市第十一中学校,重庆市,Python,26,26,0,50.65384615384615,11,0.0,0.4230769230769231
重庆市第十一中学校,重庆市,Scratch,243,240,3,59.78600823045267,135,0.012345679012345678,0.5625
重庆市金州小学,重庆市,C++,417,405,12,60.169064748201436,225,0.02877697841726619,0.5555555555555556
重庆市金州小学,重庆市,Python,18,18,0,37.083333333333336,3,0.0,0.16666666666666666
重庆市金州小学,重庆市,Scratch,99,96,3,52.92929292929293,41,0.030303030303030304,0.4270833333333333
重庆市鲁能巴蜀中学校,北京市,C++,1,1,0,49.0,0,0.0,0.0
重庆市鲁能巴蜀中学校,重庆市,C++,177,173,4,57.14488636363637,82,0.022598870056497175,0.47398843930635837
重庆市鲁能巴蜀中学校,重庆市,Python,2,2,0,58.0,1,0.0,0.5
重庆市鲁能巴蜀中学校,重庆市,Scratch,35,34,1,69.58823529411765,26,0.02857142857142857,0.7647058823529411
重庆电子工程职业学院,四川省,C++,1,1,0,92.0,1,0.0,1.0
重庆电子工程职业学院,四川省,Scratch,1,1,0,90.0,1,0.0,1.0
重庆电子工程职业学院,重庆市,C++,23,23,0,62.26086956521739,15,0.0,0.6521739130434783
重庆电子工程职业学院,重庆市,Python,2,2,0,31.75,0,0.0,0.0
重庆电子工程职业学院,重庆市,Scratch,75,72,3,54.0,34,0.04,0.4722222222222222
重庆育才中学校,上海市,C++,1,1,0,62.5,1,0.0,1.0
重庆育才中学校,四川省,C++,1,1,0,34.5,0,0.0,0.0
重庆育才中学校,重庆市,C++,669,654,15,63.85457271364318,401,0.02242152466367713,0.6131498470948012
重庆育才中学校,重庆市,Python,17,17,0,54.911764705882355,8,0.0,0.47058823529411764
重庆育才中学校,重庆市,Scratch,63,60,3,54.74603174603175,31,0.047619047619047616,0.5166666666666667
重庆育才中学校,陕西省,C++,1,1,0,74.0,1,0.0,1.0
铜陵市新苑小学,安徽省,C++,22,21,1,63.43181818181818,14,0.045454545454545456,0.6666666666666666
铜陵市新苑小学,安徽省,Scratch,11,11,0,78.72727272727273,9,0.0,0.8181818181818182
镇江大港中学,江苏省,C++,186,176,10,64.61878453038673,116,0.053763440860215055,0.6590909090909091
镇江大港中学,江苏省,Python,40,39,1,47.925,14,0.025,0.358974358974359
镇江大港中学,江苏省,Scratch,67,65,2,57.646153846153844,29,0.029850746268656716,0.4461538461538462
长春理工大学（旧）,吉林省,C++,120,113,7,59.1875,63,0.058333333333333334,0.5575221238938053
长春理工大学（旧）,吉林省,Python,6,5,1,29.083333333333332,0,0.16666666666666666,0.0
长春理工大学（旧）,吉林省,Scratch,74,71,3,64.14864864864865,46,0.04054054054054054,0.647887323943662
长治市第十中学校,山西省,C++,46,46,0,70.6413043478261,33,0.0,0.717391304347826
阜阳市红旗中学,安徽省,C++,41,38,3,58.825,20,0.07317073170731707,0.5263157894736842
阜阳市红旗中学,安徽省,Python,1,1,0,37.0,0,0.0,0.0
阜阳市红旗中学,安徽省,Scratch,2,2,0,64.0,1,0.0,0.5
陕西省榆林市横山区第七小学,陕西省,C++,23,23,0,40.76086956521739,4,0.0,0.17391304347826086
陕西省榆林市横山区第七小学,陕西省,Scratch,6,6,0,96.33333333333333,6,0.0,1.0
陕西省西咸新区秦汉中学,上海市,C++,1,1,0,41.5,0,0.0,0.0
陕西省西咸新区秦汉中学,甘肃省,C++,1,1,0,78.0,1,0.0,1.0
陕西省西咸新区秦汉中学,陕西省,C++,102,95,7,55.415841584158414,47,0.06862745098039216,0.49473684210526314
陕西省西咸新区秦汉中学,陕西省,Scratch,7,7,0,43.857142857142854,0,0.0,0.0
雄安新区安新中学,河北省,C++,7,7,0,76.0,6,0.0,0.8571428571428571
雄安新区安新中学,河北省,Python,11,11,0,40.09090909090909,3,0.0,0.2727272727272727
雄安新区安新中学,河北省,Scratch,23,23,0,64.6086956521739,16,0.0,0.6956521739130435
雅安市雨城区第八初级中学（雅安市田家炳中学初中部）,四川省,C++,13,12,1,54.333333333333336,5,0.07692307692307693,0.4166666666666667
雅安市雨城区第八初级中学（雅安市田家炳中学初中部）,四川省,Python,3,3,0,40.666666666666664,0,0.0,0.0
雅安市雨城区第八初级中学（雅安市田家炳中学初中部）,四川省,Scratch,110,109,1,65.37272727272727,66,0.00909090909090909,0.6055045871559633
青岛大学,山东省,C++,1031,1002,29,67.18341463414635,667,0.028128031037827354,0.6656686626746507
青岛大学,山东省,Python,99,95,4,65.96315789473684,59,0.04040404040404041,0.6210526315789474
青岛大学,山东省,Scratch,71,70,1,64.83098591549296,41,0.014084507042253521,0.5857142857142857
青岛市城阳区实验中学,山东省,C++,80,69,11,40.91875,18,0.1375,0.2608695652173913
青岛市城阳区实验中学,山东省,Scratch,10,10,0,70.3,8,0.0,0.8
青岛胶南小学,山东省,C++,221,216,5,67.17808219178082,144,0.02262443438914027,0.6666666666666666
青岛胶南小学,山东省,Python,9,9,0,51.05555555555556,3,0.0,0.3333333333333333
青岛胶南小学,山东省,Scratch,62,61,1,51.645161290322584,22,0.016129032258064516,0.36065573770491804
青岛西海岸新区第一高级中学,山东省,C++,193,188,5,68.53191489361703,133,0.025906735751295335,0.7074468085106383
青岛西海岸新区第一高级中学,山东省,Python,12,12,0,51.75,4,0.0,0.3333333333333333
青岛西海岸新区第一高级中学,山东省,Scratch,8,8,0,61.25,4,0.0,0.5
鞍山市新世纪实验学校,辽宁省,C++,177,171,6,55.36206896551724,75,0.03389830508474576,0.43859649122807015
鞍山市新世纪实验学校,辽宁省,Python,1,1,0,32.0,0,0.0,0.0
鞍山市新世纪实验学校,辽宁省,Scratch,12,12,0,65.08333333333333,8,0.0,0.6666666666666666
韶关市浈江区碧桂园外国语学校,广东省,C++,81,79,2,66.93037974683544,50,0.024691358024691357,0.6329113924050633
韶关市浈江区碧桂园外国语学校,广东省,Python,3,2,1,35.833333333333336,1,0.3333333333333333,0.5
韶关市浈江区碧桂园外国语学校,广东省,Scratch,19,18,1,61.8421052631579,10,0.05263157894736842,0.5555555555555556
韶关市浈江区碧桂园外国语学校,江西省,C++,1,1,0,65.5,1,0.0,1.0
首都医科大学花乡校区,内蒙古自治区,C++,1,1,0,24.0,0,0.0,0.0
首都医科大学花乡校区,内蒙古自治区,Scratch,3,3,0,20.0,0,0.0,0.0
首都医科大学花乡校区,北京市,C++,786,786,0,53.76908396946565,340,0.0,0.43256997455470736
首都医科大学花乡校区,北京市,Python,21,21,0,40.023809523809526,5,0.0,0.23809523809523808
首都医科大学花乡校区,北京市,Scratch,77,71,6,53.5974025974026,39,0.07792207792207792,0.5492957746478874
首都医科大学花乡校区,天津市,C++,4,4,0,51.0,2,0.0,0.5
首都医科大学花乡校区,河北省,C++,5,5,0,40.6,1,0.0,0.2
首都医科大学花乡校区,河北省,Scratch,1,1,0,33.0,0,0.0,0.0
首都师范大学信息工程学院,内蒙古自治区,Python,1,1,0,20.0,0,0.0,0.0
首都师范大学信息工程学院,北京市,C++,1700,1573,127,63.30286410725168,960,0.07470588235294118,0.6102987921169739
首都师范大学信息工程学院,北京市,Python,16,14,2,35.06666666666667,2,0.125,0.14285714285714285
首都师范大学信息工程学院,北京市,Scratch,158,152,6,57.14556962025316,83,0.0379746835443038,0.5460526315789473
首都师范大学信息工程学院,天津市,C++,2,2,0,50.0,1,0.0,0.5
首都师范大学信息工程学院,河北省,C++,4,4,0,67.75,2,0.0,0.5
首都师范大学信息工程学院,河北省,Scratch,6,6,0,42.0,0,0.0,0.0
首都师范大学附属花园小学,内蒙古自治区,C++,2,2,0,71.25,1,0.0,0.5
首都师范大学附属花园小学,北京市,C++,786,747,39,63.8468992248062,463,0.04961832061068702,0.6198125836680054
首都师范大学附属花园小学,北京市,Python,30,30,0,45.38333333333333,10,0.0,0.3333333333333333
首都师范大学附属花园小学,北京市,Scratch,53,49,4,51.283018867924525,23,0.07547169811320754,0.46938775510204084
首都师范大学附属花园小学,河北省,C++,2,2,0,29.25,0,0.0,0.0
首都师范大学附属花园小学,河北省,Scratch,5,5,0,46.2,3,0.0,0.6
首都师范大学附属花园小学,湖北省,Scratch,1,1,0,53.0,0,0.0,0.0
香港中文大学（深圳）,安徽省,C++,1,1,0,82.0,1,0.0,1.0
香港中文大学（深圳）,广东省,C++,411,392,19,66.99874686716792,261,0.046228710462287104,0.6658163265306123
香港中文大学（深圳）,广东省,Python,48,47,1,53.58510638297872,22,0.020833333333333332,0.46808510638297873
香港中文大学（深圳）,广东省,Scratch,77,73,4,69.0909090909091,56,0.05194805194805195,0.7671232876712328
香港中文大学（深圳）,江西省,C++,1,1,0,86.0,1,0.0,1.0
香港中文大学（深圳）,河北省,C++,1,1,0,16.0,0,0.0,0.0
香港中文大学（深圳）,香港特别行政区,C++,6,6,0,54.416666666666664,2,0.0,0.3333333333333333
香港中文大学（深圳）,香港特别行政区,Python,1,1,0,82.0,1,0.0,1.0
马鞍山市第二中学,安徽省,C++,157,154,3,55.68471337579618,69,0.01910828025477707,0.44805194805194803
马鞍山市第二中学,安徽省,Python,2,1,1,24.0,0,0.5,0.0
马鞍山市第二中学,安徽省,Scratch,34,34,0,52.55882352941177,13,0.0,0.38235294117647056
高唐县第一中学,山东省,C++,66,65,1,69.53076923076924,46,0.015151515151515152,0.7076923076923077
高唐县第一中学,山东省,Python,2,2,0,40.25,0,0.0,0.0
黑龙江职业学院（哈尔滨）,内蒙古自治区,C++,2,2,0,31.0,0,0.0,0.0
黑龙江职业学院（哈尔滨）,黑龙江省,C++,534,521,13,64.28831417624521,309,0.024344569288389514,0.5930902111324377
黑龙江职业学院（哈尔滨）,黑龙江省,Python,51,51,0,48.96078431372549,21,0.0,0.4117647058823529
黑龙江职业学院（哈尔滨）,黑龙江省,Scratch,86,84,2,58.78823529411765,39,0.023255813953488372,0.4642857142857143
齐齐哈尔市第二十九中学校,内蒙古自治区,C++,8,8,0,47.1875,3,0.0,0.375
齐齐哈尔市第二十九中学校,内蒙古自治区,Python,1,0,1,0.0,0,1.0,
齐齐哈尔市第二十九中学校,内蒙古自治区,Scratch,2,2,0,48.5,0,0.0,0.0
齐齐哈尔市第二十九中学校,黑龙江省,C++,70,67,3,60.57462686567164,32,0.04285714285714286,0.47761194029850745
齐齐哈尔市第二十九中学校,黑龙江省,Python,22,18,4,46.88636363636363,9,0.18181818181818182,0.5
齐齐哈尔市第二十九中学校,黑龙江省,Scratch,22,22,0,62.59090909090909,12,0.0,0.5454545454545454
龙岩紫金山实验学校,福建省,C++,5,3,2,66.83333333333333,2,0.4,0.6666666666666666
龙岩紫金山实验学校,福建省,Python,6,4,2,41.5,1,0.3333333333333333,0.25
龙岩紫金山实验学校,福建省,Scratch,23,23,0,64.56521739130434,15,0.0,0.6521739130434783
